portal,profile,status,title,company,location,url,discovered_at,gate_score,gate_reason,application_method,region,last_error
indeed,it,queued,PH - Switcher PT,FedEx,"Delta, BC, CA",https://ca.indeed.com/viewjob?jk=2609c64c5e4baed7,2026-07-13 01:06:15.153000,100,hard gate: eligible IT listing,unverified,METRO_VAN,
indeed,it,queued,"Medical Lab Technologist (BCGEU), Mid Low Chemistry",LifeLabs,"Burnaby, BC, CA",https://ca.indeed.com/viewjob?jk=417a315f849e198b,2026-07-13 01:06:15.147000,100,hard gate: eligible IT listing,company_site,METRO_VAN,
indeed,it,queued,Community Mental Health Worker,Fraserside Community Services Society,"Port Coquitlam, BC, CA",https://ca.indeed.com/viewjob?jk=28d6caa75e193a87,2026-07-13 01:06:15.141000,100,hard gate: eligible IT listing,easy_apply,METRO_VAN,
indeed,it,queued,Administration Assistant,Ten Feet Sports and Entertainment Ltd,"Langley, BC, CA",https://ca.indeed.com/viewjob?jk=8cb6e801011ba48e,2026-07-13 01:06:15.133000,100,hard gate: eligible IT listing,easy_apply,METRO_VAN,
indeed,it,queued,Sales Manager,Service Corporation International,"Burnaby, BC, CA",https://ca.indeed.com/viewjob?jk=139c841cc06d27e0,2026-07-13 01:06:15.126000,100,hard gate: eligible IT listing,easy_apply,METRO_VAN,
indeed,it,queued,Sales Manager,Service Corporation International,"Burnaby, BC, CA",https://ca.indeed.com/viewjob?jk=05e474b9984721c8,2026-07-13 01:06:15.120000,100,hard gate: eligible IT listing,easy_apply,METRO_VAN,
indeed,it,queued,PPA Sales Manager,Service Corporation International,"Burnaby, BC, CA",https://ca.indeed.com/viewjob?jk=3075b9fc841e4ae9,2026-07-13 01:06:15.115000,100,hard gate: eligible IT listing,easy_apply,METRO_VAN,
indeed,it,queued,Medical Laboratory Assistant,Nova Scotia Health Authority,"Richmond, BC, CA",https://ca.indeed.com/viewjob?jk=78ab58185866d033,2026-07-13 01:06:15.109000,100,hard gate: eligible IT listing,unverified,METRO_VAN,
indeed,it,queued,Building Manager,Cleantech Service Group Ltd.,"Richmond, BC, CA",https://ca.indeed.com/viewjob?jk=0e38d47c3152d195,2026-07-13 01:06:15.104000,100,hard gate: eligible IT listing,company_site,METRO_VAN,
indeed,it,queued,Team Lead,Activate Games,"Coquitlam, BC, CA",https://ca.indeed.com/viewjob?jk=2dd002c352ff1d08,2026-07-13 01:06:15.097000,100,hard gate: eligible IT listing,company_site,METRO_VAN,
indeed,it,queued,"On-Site Leader, Vacuum Truck Services",GFL Environmental,"Surrey, BC, CA",https://ca.indeed.com/viewjob?jk=fcd4e7042c064ef9,2026-07-13 01:06:15.091000,100,hard gate: eligible IT listing,unverified,METRO_VAN,
indeed,it,queued,Aircraft Maintenance Engineer - Avionics (Vancouver),PACIFIC COASTAL AIRLINES,"Richmond, BC, CA",https://ca.indeed.com/viewjob?jk=410bf9b99dccba3d,2026-07-13 01:06:15.084000,100,hard gate: eligible IT listing,easy_apply,METRO_VAN,
indeed,it,queued,Maintenance Assistant (Casual),BAPTIST HOUSING,"White Rock, BC, CA",https://ca.indeed.com/viewjob?jk=38b8ac03baa2228b,2026-07-13 01:06:15.078000,100,hard gate: eligible IT listing,easy_apply,METRO_VAN,
indeed,it,queued,Senior FX Artist,ICON Creative Studio,"Vancouver, BC, CA",https://ca.indeed.com/viewjob?jk=3304031364e2b67a,2026-07-13 01:06:15.072000,100,hard gate: eligible IT listing,easy_apply,METRO_VAN,
indeed,it,queued,Mobile Phone Repair Technician (hardware & software),Digitech business solutions,"Surrey, BC, CA",https://ca.indeed.com/viewjob?jk=08896a84ef12f10c,2026-07-13 01:06:15.064000,100,hard gate: eligible IT listing,easy_apply,METRO_VAN,
indeed,it,queued,"Equipment Technician | Vancouver, Canada",Vixxo,"Vancouver, BC, CA",https://ca.indeed.com/viewjob?jk=b92df2620dda8d35,2026-07-13 01:06:15.051000,100,hard gate: eligible IT listing,easy_apply,METRO_VAN,
indeed,it,queued,Heavy Duty Equipment Technician Apprentice,Merlin Plastics,"New Westminster, BC, CA",https://ca.indeed.com/viewjob?jk=7072dcce956fffa8,2026-07-13 01:06:15.044000,100,hard gate: eligible IT listing,easy_apply,METRO_VAN,
indeed,it,queued,Senior Shop Assembler,P.D. McLaren Ltd,"Surrey, BC, CA",https://ca.indeed.com/viewjob?jk=fa35f442bff2c8b0,2026-07-13 01:06:15.037000,100,hard gate: eligible IT listing,easy_apply,METRO_VAN,
indeed,it,queued,Forestry - Excavator Operator,J. Boon Contracting Ltd,"Langley, BC, CA",https://ca.indeed.com/viewjob?jk=3009cdc38894c402,2026-07-13 01:06:15.031000,100,hard gate: eligible IT listing,easy_apply,METRO_VAN,
indeed,it,queued,"Maintenance Supervisor (Full-Time), Burnaby",NEW VISTA SOCIETY,"Burnaby, BC, CA",https://ca.indeed.com/viewjob?jk=fac75b14edb6bd85,2026-07-13 01:06:15.025000,100,hard gate: eligible IT listing,easy_apply,METRO_VAN,
indeed,it,queued,General Construction Worker / Equipment Operator (Class 3 or 5 with Air Brakes),Superior City Services Ltd.,"Surrey, BC, CA",https://ca.indeed.com/viewjob?jk=0f3ce79555a7e9bf,2026-07-13 01:06:15.016000,100,hard gate: eligible IT listing,easy_apply,METRO_VAN,
indeed,it,queued,Telecom Tower Foreman / Rigger,Westower Communications Ltd,"Surrey, BC, CA",https://ca.indeed.com/viewjob?jk=11f58a55f47af345,2026-07-13 01:06:15.010000,100,hard gate: eligible IT listing,easy_apply,METRO_VAN,
indeed,it,queued,Warehouse Associate,Martin Brower,"Vancouver, BC, CA",https://ca.indeed.com/viewjob?jk=3bc74439000d9f81,2026-07-13 01:06:15.005000,100,hard gate: eligible IT listing,easy_apply,METRO_VAN,
indeed,it,queued,"Principal Technical Program Manager - Journal , AWS Transactional Services",Amazon.com,"Vancouver, BC, CA",https://ca.indeed.com/viewjob?jk=c979ab6e0dd8468b,2026-07-13 01:06:14.999000,100,hard gate: eligible IT listing,unverified,METRO_VAN,
indeed,it,queued,Technical Program Manager,Autodesk,"Vancouver, BC, CA",https://ca.indeed.com/viewjob?jk=9aff7b6b66df9b48,2026-07-13 01:06:14.994000,100,hard gate: eligible IT listing,company_site,METRO_VAN,
indeed,it,queued,Procurement Advisor,CIMIC Group,"Vancouver, BC, CA",https://ca.indeed.com/viewjob?jk=825fcc27eee6e57b,2026-07-13 01:06:14.988000,100,hard gate: eligible IT listing,company_site,METRO_VAN,
indeed,it,queued,Distribution Centre General Associate,ARC'TERYX,"New Westminster, BC, CA",https://ca.indeed.com/viewjob?jk=c874469dea6527b1,2026-07-13 01:06:14.977000,100,hard gate: eligible IT listing,company_site,METRO_VAN,
indeed,it,queued,"Associate Manager, Accounting – Expedia Cruises",Expedia Group,"Vancouver, BC, CA",https://ca.indeed.com/viewjob?jk=bc42dbcf06e53b52,2026-07-13 01:06:14.970000,100,hard gate: eligible IT listing,company_site,METRO_VAN,
indeed,it,queued,Financial Planning & Analysis Manager,Ledcor,"Vancouver, BC, CA",https://ca.indeed.com/viewjob?jk=b493121ec7bed4db,2026-07-13 01:06:14.963000,100,hard gate: eligible IT listing,unverified,METRO_VAN,
indeed,it,queued,Corporate Controller,ScalePad,"Vancouver, BC, CA",https://ca.indeed.com/viewjob?jk=5602ad50c5b1cb5d,2026-07-13 01:06:14.956000,100,hard gate: eligible IT listing,easy_apply,METRO_VAN,
indeed,it,queued,"Manager, Taxation",Seaspan ULC,"North Vancouver, BC, CA",https://ca.indeed.com/viewjob?jk=d7b19a6eb263b50b,2026-07-13 01:06:14.949000,100,hard gate: eligible IT listing,easy_apply,METRO_VAN,
indeed,it,queued,Junior Project Accountant,Klohn Crippen Berger,"Vancouver, BC, CA",https://ca.indeed.com/viewjob?jk=ce1eb7ede0224e26,2026-07-13 01:06:14.942000,100,hard gate: eligible IT listing,easy_apply,METRO_VAN,
indeed,it,queued,Operations Controls Supervisor,Food Process Solutions,"Richmond, BC, CA",https://ca.indeed.com/viewjob?jk=e61497225d3b79cb,2026-07-13 01:06:14.936000,100,hard gate: eligible IT listing,easy_apply,METRO_VAN,
indeed,it,queued,Logistics Administrator,Moe's Home Collection,"Vancouver, BC, CA",https://ca.indeed.com/viewjob?jk=48d2e55580553969,2026-07-13 01:06:14.930000,100,hard gate: eligible IT listing,easy_apply,METRO_VAN,
indeed,it,queued,Head Accountant,Ploutos Enterprises Ltd,"Vancouver, BC, CA",https://ca.indeed.com/viewjob?jk=de8a73c89d676382,2026-07-13 01:06:14.924000,100,hard gate: eligible IT listing,easy_apply,METRO_VAN,
indeed,it,queued,Production Control,Industrial Electric Manufacturing,"Surrey, BC, CA",https://ca.indeed.com/viewjob?jk=d951929b20b93f9b,2026-07-13 01:06:14.919000,100,hard gate: eligible IT listing,easy_apply,METRO_VAN,
indeed,it,queued,Senior Accountant,The Noel Asmar Group,"Surrey, BC, CA",https://ca.indeed.com/viewjob?jk=6e304980dc3c9189,2026-07-13 01:06:14.913000,100,hard gate: eligible IT listing,easy_apply,METRO_VAN,
indeed,it,queued,Shipper/Receiver,LMI Technologies,"Burnaby, BC, CA",https://ca.indeed.com/viewjob?jk=fbc2184a320451e5,2026-07-13 01:06:14.907000,100,hard gate: eligible IT listing,easy_apply,METRO_VAN,
indeed,it,queued,Insurance Payables Administrator,Westland Insurance Group,"Surrey, BC, CA",https://ca.indeed.com/viewjob?jk=e1ae6245a90700e5,2026-07-13 01:06:14.901000,100,hard gate: eligible IT listing,easy_apply,METRO_VAN,
indeed,it,queued,Production Manager Millwork,Nikolai Manufacturing Inc,"New Westminster, BC, CA",https://ca.indeed.com/viewjob?jk=ebad4ede6b644f8d,2026-07-13 01:06:14.894000,100,hard gate: eligible IT listing,easy_apply,METRO_VAN,
indeed,it,queued,Program Manager,Teifi Digital,"Vancouver, BC, CA",https://ca.indeed.com/viewjob?jk=8cea421da5df7803,2026-07-13 01:06:14.887000,100,hard gate: eligible IT listing,easy_apply,METRO_VAN,
indeed,it,queued,Financial Assistant,Prime Health Ltd.,"Maple Ridge, BC, CA",https://ca.indeed.com/viewjob?jk=35b190b24abe0b61,2026-07-13 01:06:14.879000,100,hard gate: eligible IT listing,easy_apply,METRO_VAN,
indeed,it,queued,Intermediate Accountant,Hypercharge Networks Corp.,"North Vancouver, BC, CA",https://ca.indeed.com/viewjob?jk=a8bba43367f82c2d,2026-07-13 01:06:14.868000,100,hard gate: eligible IT listing,easy_apply,METRO_VAN,
indeed,it,queued,Senior Accountant,The Hockey Shop Source For Sports,"Langley, BC, CA",https://ca.indeed.com/viewjob?jk=c7ca38f7c28aba26,2026-07-13 01:06:14.860000,100,hard gate: eligible IT listing,easy_apply,METRO_VAN,
indeed,it,queued,Materials Handler (Onsite),Kardium Inc.,"Burnaby, BC, CA",https://ca.indeed.com/viewjob?jk=10feb05a5381df04,2026-07-13 01:06:14.848000,100,hard gate: eligible IT listing,easy_apply,METRO_VAN,
indeed,it,queued,Senior Accountant,Spire Construction Inc.,"Delta, BC, CA",https://ca.indeed.com/viewjob?jk=141a9759bd295a9c,2026-07-13 01:06:14.841000,100,hard gate: eligible IT listing,easy_apply,METRO_VAN,
indeed,it,queued,Operation Coordinator,Montalco Custom Cabinets,"Richmond, BC, CA",https://ca.indeed.com/viewjob?jk=e217f26438e0d61e,2026-07-13 01:06:14.836000,100,hard gate: eligible IT listing,easy_apply,METRO_VAN,
indeed,it,queued,Claims Associate,Verka Food International Limited,"Surrey, BC, CA",https://ca.indeed.com/viewjob?jk=c358d348124b216b,2026-07-13 01:06:14.829000,100,hard gate: eligible IT listing,easy_apply,METRO_VAN,
indeed,it,queued,Senior Accountant,Premium Fence Company,"Surrey, BC, CA",https://ca.indeed.com/viewjob?jk=88758c25569dc386,2026-07-13 01:06:14.822000,100,hard gate: eligible IT listing,easy_apply,METRO_VAN,
indeed,it,queued,Web Experience Manager,ScalePad,"Vancouver, BC, CA",https://ca.indeed.com/viewjob?jk=6e58b2497ffca305,2026-07-13 01:06:14.817000,100,hard gate: eligible IT listing,company_site,METRO_VAN,
indeed,it,queued,Visual Experience Designer,Autodesk,"Vancouver, BC, CA",https://ca.indeed.com/viewjob?jk=ec62f9f4d13edba2,2026-07-13 01:06:14.810000,100,hard gate: eligible IT listing,company_site,METRO_VAN,
indeed,it,queued,Digital Content Advisor,Douglas College,"New Westminster, BC, CA",https://ca.indeed.com/viewjob?jk=6b05c051cc6cb445,2026-07-13 01:06:14.804000,100,hard gate: eligible IT listing,unverified,METRO_VAN,
indeed,it,queued,Marketing Assistant,Akiko Sherman Infotech,"Langley, BC, CA",https://ca.indeed.com/viewjob?jk=59a2ea4657ed3c9d,2026-07-13 01:06:14.796000,100,hard gate: eligible IT listing,easy_apply,METRO_VAN,
indeed,it,queued,Nurse Practitioner,Calian,"Vancouver, BC, CA",https://ca.indeed.com/viewjob?jk=fe45eb1d7cd491c0,2026-07-13 01:06:14.782000,100,hard gate: eligible IT listing,unverified,METRO_VAN,
indeed,it,queued,Senior Escalations & Retention Specialist,Pocketpills,"Surrey, BC, CA",https://ca.indeed.com/viewjob?jk=c9d1019712fc46a1,2026-07-13 01:06:14.774000,100,hard gate: eligible IT listing,unverified,METRO_VAN,
indeed,it,queued,Category Manager (Decor),Article,"Vancouver, BC, CA",https://ca.indeed.com/viewjob?jk=73e4e278b45f919a,2026-07-13 01:06:14.768000,100,hard gate: eligible IT listing,company_site,METRO_VAN,
indeed,it,queued,Subcontracts Administrator,EBC INC,"Vancouver, BC, CA",https://ca.indeed.com/viewjob?jk=95acbbb373a0ac94,2026-07-13 01:06:14.746000,100,hard gate: eligible IT listing,unverified,METRO_VAN,
indeed,it,queued,Die Cast Operator,CMP Group Ltd.,"Delta, BC, CA",https://ca.indeed.com/viewjob?jk=f0e8d3abb1b2129b,2026-07-13 01:06:14.741000,100,hard gate: eligible IT listing,easy_apply,METRO_VAN,
indeed,it,queued,Customer Success Account Manager,Microsoft,"Vancouver, BC, CA",https://ca.indeed.com/viewjob?jk=7e2406477e445553,2026-07-13 01:06:14.734000,100,hard gate: eligible IT listing,unverified,METRO_VAN,
indeed,it,queued,GFT - Lead Solutions Architect,RBC,"Vancouver, BC, CA",https://ca.indeed.com/viewjob?jk=6fbe55552a3bde94,2026-07-13 01:06:14.729000,100,hard gate: eligible IT listing,unverified,METRO_VAN,
indeed,it,queued,"Director, Financial Crime",Deloitte,"Vancouver, BC, CA",https://ca.indeed.com/viewjob?jk=0aaa98087645ae93,2026-07-13 01:06:14.722000,100,hard gate: eligible IT listing,unverified,METRO_VAN,
indeed,it,queued,"Sr Manager, Digital Innovation",BC Hydro,"Burnaby, BC, CA",https://ca.indeed.com/viewjob?jk=244de7096cd39ece,2026-07-13 01:06:14.718000,100,hard gate: eligible IT listing,unverified,METRO_VAN,
indeed,it,queued,Guest Services Representative,QuadReal,"North Vancouver, BC, CA",https://ca.indeed.com/viewjob?jk=1c647f6ef13926e6,2026-07-13 01:06:14.713000,100,hard gate: eligible IT listing,company_site,METRO_VAN,
indeed,it,queued,"Data Scientist, Product Analytics | Scientifique de données en analyse de produits",Meta,"Vancouver, BC, CA",https://ca.indeed.com/viewjob?jk=bff6afbeba3c75c8,2026-07-13 01:06:14.708000,100,hard gate: eligible IT listing,unverified,METRO_VAN,
indeed,it,queued,Development Accountant,QuadReal,"Vancouver, BC, CA",https://ca.indeed.com/viewjob?jk=dab21ddde4058e51,2026-07-13 01:06:14.692000,100,hard gate: eligible IT listing,company_site,METRO_VAN,
indeed,it,queued,AI Creative Designer,Wondershare,"Burnaby, BC, CA",https://ca.indeed.com/viewjob?jk=da32665124e2918d,2026-07-13 01:06:14.687000,100,hard gate: eligible IT listing,easy_apply,METRO_VAN,
indeed,it,queued,Senior Performance Marketing Lead,Cymax Group Technologies,"Vancouver, BC, CA",https://ca.indeed.com/viewjob?jk=ad7822cc5054524c,2026-07-13 01:06:14.678000,100,hard gate: eligible IT listing,easy_apply,METRO_VAN,
indeed,it,queued,Designer,Redacted Studios,"Vancouver, BC, CA",https://ca.indeed.com/viewjob?jk=7b843ed77365d427,2026-07-13 01:06:14.673000,100,hard gate: eligible IT listing,easy_apply,METRO_VAN,
indeed,it,queued,Senior Data Scientist - Computer Vision,zesty.ai,"Vancouver, BC, CA",https://ca.indeed.com/viewjob?jk=6fd3a260fb4fa5a9,2026-07-13 01:06:14.669000,100,hard gate: eligible IT listing,easy_apply,METRO_VAN,
indeed,it,queued,Patient Liaison,Prenuvo,"North Vancouver, BC, CA",https://ca.indeed.com/viewjob?jk=95a14479384ada2c,2026-07-13 01:06:14.664000,100,hard gate: eligible IT listing,easy_apply,METRO_VAN,
indeed,it,queued,MRI Technologist,Prenuvo,"North Vancouver, BC, CA",https://ca.indeed.com/viewjob?jk=e2fc814375fc3980,2026-07-13 01:06:14.660000,100,hard gate: eligible IT listing,easy_apply,METRO_VAN,
indeed,it,queued,Painter,WELDCO,"Langley, BC, CA",https://ca.indeed.com/viewjob?jk=f045f849c7323284,2026-07-13 01:06:14.655000,100,hard gate: eligible IT listing,easy_apply,METRO_VAN,
indeed,it,queued,Senior Benchmarking Researcher,D-Wave,"Burnaby, BC, CA",https://ca.indeed.com/viewjob?jk=65a1097bf0bc8129,2026-07-13 01:06:14.649000,100,hard gate: eligible IT listing,easy_apply,METRO_VAN,
indeed,it,queued,"Applied Scientist II, Workforce Intelligence powered by Scientific Engineering, Workforce Planning",Amazon.com,"Vancouver, BC, CA",https://ca.indeed.com/viewjob?jk=f9b6e0e554d47e10,2026-07-13 01:06:14.644000,100,hard gate: eligible IT listing,unverified,METRO_VAN,
indeed,it,queued,Senior Legal Counsel - Brand & Commercial,ARC'TERYX,"North Vancouver, BC, CA",https://ca.indeed.com/viewjob?jk=1b745168e505e678,2026-07-13 01:06:14.637000,100,hard gate: eligible IT listing,company_site,METRO_VAN,
indeed,it,queued,Sterile Processing Technician (Medical Device Reprocessing Technician),PACIFIC CENTRE FOR REPRODUCTIVE MEDICINE,"Burnaby, BC, CA",https://ca.indeed.com/viewjob?jk=05a420f2ea302f41,2026-07-13 01:06:14.632000,100,hard gate: eligible IT listing,easy_apply,METRO_VAN,
indeed,it,queued,"Team Lead, Commercial Operations",HUB International,"Burnaby, BC, CA",https://ca.indeed.com/viewjob?jk=5ea650bd3b221d74,2026-07-13 01:06:14.625000,100,hard gate: eligible IT listing,unverified,METRO_VAN,
indeed,it,queued,Financial Services Representative (BCGEU) - Newton,Vancouver City Savings Credit Union,"Surrey, BC, CA",https://ca.indeed.com/viewjob?jk=e29e718cfa1a7c65,2026-07-13 01:06:14.619000,100,hard gate: eligible IT listing,company_site,METRO_VAN,
indeed,it,queued,"Medical Geneticist, Cleft Palate Craniofacial Program - BC Children’s Hospital & University of British Columbia",Provincial Health Services Authority (PHSA),"Vancouver, BC, CA",https://ca.indeed.com/viewjob?jk=a24bedebdc8dd2f0,2026-07-13 01:06:14.614000,100,hard gate: eligible IT listing,unverified,METRO_VAN,
indeed,it,queued,"Senior Software Development Engineer, AWS ElastiCache",Amazon.com,"Vancouver, BC, CA",https://ca.indeed.com/viewjob?jk=24ecdf8070c04432,2026-07-13 01:06:14.607000,100,hard gate: eligible IT listing,unverified,METRO_VAN,
indeed,it,queued,Senior AI Solutions Engineer,TYLin,"Vancouver, BC, CA",https://ca.indeed.com/viewjob?jk=be468d1db3720ed3,2026-07-13 01:06:14.603000,100,hard gate: eligible IT listing,company_site,METRO_VAN,
indeed,it,queued,Jr Powerplant Engineer Neu,MTU AERO ENGINES,"Delta, BC, CA",https://ca.indeed.com/viewjob?jk=be42672896cc6235,2026-07-13 01:06:14.598000,100,hard gate: eligible IT listing,unverified,METRO_VAN,
indeed,it,queued,Protection & Control Team Lead,AtkinsRéalis,"Vancouver, BC, CA",https://ca.indeed.com/viewjob?jk=c8859d7194db620c,2026-07-13 01:06:14.595000,100,hard gate: eligible IT listing,unverified,METRO_VAN,
indeed,it,queued,Expert Animation Programmer (R&D),CD PROJEKT RED,"Vancouver, BC, CA",https://ca.indeed.com/viewjob?jk=28e8697d3e865d24,2026-07-13 01:06:14.590000,100,hard gate: eligible IT listing,easy_apply,METRO_VAN,
indeed,it,queued,"Manager, Organizational Performance",Engineers and Geoscientists BC,"Burnaby, BC, CA",https://ca.indeed.com/viewjob?jk=f416f41521edd554,2026-07-13 01:06:14.584000,100,hard gate: eligible IT listing,company_site,METRO_VAN,
indeed,it,queued,Building Operator,Onni Group,"Vancouver, BC, CA",https://ca.indeed.com/viewjob?jk=44e629bfd1ba47ec,2026-07-13 01:06:14.576000,100,hard gate: eligible IT listing,easy_apply,METRO_VAN,
indeed,it,queued,GIS MANAGER,Chartwell Resource Group Ltd.,"North Vancouver, BC, CA",https://ca.indeed.com/viewjob?jk=a6b86b1efaac4abf,2026-07-13 01:06:14.571000,100,hard gate: eligible IT listing,unverified,METRO_VAN,
indeed,it,queued,System Development Manager & Technology Leader,Advantage Parts Solutions,"Burnaby, BC, CA",https://ca.indeed.com/viewjob?jk=bab81e7faa75d0b8,2026-07-13 01:06:14.566000,100,hard gate: eligible IT listing,easy_apply,METRO_VAN,
indeed,it,queued,Ultrasound Acoustic Test Engineer,Clarius Mobile Health,"Vancouver, BC, CA",https://ca.indeed.com/viewjob?jk=77fec3f65c605360,2026-07-13 01:06:14.556000,100,hard gate: eligible IT listing,easy_apply,METRO_VAN,
indeed,it,queued,"Intern, Co-Op",Synopsys,"Vancouver, BC, CA",https://ca.indeed.com/viewjob?jk=78e7fd9e6193f1b9,2026-07-13 01:06:14.550000,100,hard gate: eligible IT listing,company_site,METRO_VAN,
indeed,it,queued,"Software Development Engineer, Charge Calc",Amazon.com,"Vancouver, BC, CA",https://ca.indeed.com/viewjob?jk=4cb737ef6f80b937,2026-07-13 01:06:14.545000,100,hard gate: eligible IT listing,unverified,METRO_VAN,
indeed,it,queued,Frontend Engineer - AI Products,iCOUNTER,"Burnaby, BC, CA",https://ca.indeed.com/viewjob?jk=fef3d5e37617123b,2026-07-13 01:06:14.540000,100,hard gate: eligible IT listing,company_site,METRO_VAN,
indeed,it,queued,"Digital Technology - Senior Developer / Developer, Front-end",Aritzia,"Vancouver, BC, CA",https://ca.indeed.com/viewjob?jk=374fe70e1b567783,2026-07-13 01:06:14.536000,100,hard gate: eligible IT listing,company_site,METRO_VAN,
indeed,it,queued,"Supervisor, Application Development",Seaspan ULC,"North Vancouver, BC, CA",https://ca.indeed.com/viewjob?jk=3f92c892b7990c22,2026-07-13 01:06:14.530000,100,hard gate: eligible IT listing,company_site,METRO_VAN,
indeed,it,queued,"Sr. Software Development Engineer, Alexa Connections",Amazon.com,"Vancouver, BC, CA",https://ca.indeed.com/viewjob?jk=933ed075ab49ffaf,2026-07-13 01:06:14.525000,100,hard gate: eligible IT listing,unverified,METRO_VAN,
indeed,it,queued,"Software Development Engineer, Alexa Connections",Amazon.com,"Vancouver, BC, CA",https://ca.indeed.com/viewjob?jk=295618ee6e4836b8,2026-07-13 01:06:14.520000,100,hard gate: eligible IT listing,unverified,METRO_VAN,
indeed,it,queued,CNC Busbar Fabrication Operator & Programmer,thyssenkrupp Materials CA,"Port Coquitlam, BC, CA",https://ca.indeed.com/viewjob?jk=2d80fb76f97b03ce,2026-07-13 01:06:14.515000,100,hard gate: eligible IT listing,company_site,METRO_VAN,
indeed,it,queued,"Expression of Interest - Sr. Software Engineer, USD Authoring",The Walt Disney Studios,"Vancouver, BC, CA",https://ca.indeed.com/viewjob?jk=fabe8180941d105b,2026-07-13 01:06:14.509000,100,hard gate: eligible IT listing,unverified,METRO_VAN,
indeed,it,queued,Cloud Security Developer,Fortinet,"Burnaby, BC, CA",https://ca.indeed.com/viewjob?jk=ad1ea223fe7daf11,2026-07-13 01:06:14.505000,100,hard gate: eligible IT listing,company_site,METRO_VAN,
indeed,it,queued,"Research Developer (Applied AI), On-Device Inference Program",Electronic Arts,"Vancouver, BC, CA",https://ca.indeed.com/viewjob?jk=7b0cdb3841630cad,2026-07-13 01:06:14.500000,100,hard gate: eligible IT listing,unverified,METRO_VAN,
indeed,it,queued,"AI/ML Developer, IT",Canaccord Genuity Corp.,"Vancouver, BC, CA",https://ca.indeed.com/viewjob?jk=99c63b27036dcf17,2026-07-13 01:06:14.496000,100,hard gate: eligible IT listing,company_site,METRO_VAN,
indeed,it,queued,Senior Full-Stack Developer - Analytics,Teck Resources Limited,"Vancouver, BC, CA",https://ca.indeed.com/viewjob?jk=dc332a1694e1a2a7,2026-07-13 01:06:14.491000,100,hard gate: eligible IT listing,unverified,METRO_VAN,
indeed,it,queued,Mozaik Programmer (Cabinetmaking),Sharana Millwork Designs Ltd.,"Burnaby, BC, CA",https://ca.indeed.com/viewjob?jk=d4173d74c8994078,2026-07-13 01:06:14.486000,100,hard gate: eligible IT listing,easy_apply,METRO_VAN,
indeed,it,queued,Front-End Developer,Norsat International Inc.,"Richmond, BC, CA",https://ca.indeed.com/viewjob?jk=96f5a4f9f1510dc1,2026-07-13 01:06:14.481000,100,hard gate: eligible IT listing,easy_apply,METRO_VAN,
indeed,it,queued,"Sales Representative (Squamish, BC)",Anthem Properties,"Vancouver, BC, CA",https://ca.indeed.com/viewjob?jk=e145e3ddd07d787c,2026-07-13 01:06:14.477000,100,hard gate: eligible IT listing,easy_apply,METRO_VAN,
indeed,it,queued,"Beauty Specialist, Hourly Part Time Evening",Shoppers Drug Mart,"North Vancouver, BC, CA",https://ca.indeed.com/viewjob?jk=5f4342a1b765ab13,2026-07-13 01:06:14.471000,100,hard gate: eligible IT listing,unverified,METRO_VAN,
indeed,it,queued,Part Time Product Specialist,Skechers,"Surrey, BC, CA",https://ca.indeed.com/viewjob?jk=444abfbac2555542,2026-07-13 01:06:14.465000,100,hard gate: eligible IT listing,easy_apply,METRO_VAN,
indeed,it,queued,"Specialist, Marketing - River Rock Casino Resort",Lahal Management LP,"Richmond, BC, CA",https://ca.indeed.com/viewjob?jk=f4ea287aef845342,2026-07-13 01:06:14.459000,100,hard gate: eligible IT listing,easy_apply,METRO_VAN,
indeed,it,queued,Marketing and Communications Project Manager,Better Business Bureau,"Vancouver, BC, CA",https://ca.indeed.com/viewjob?jk=26d79b5c7def16ae,2026-07-13 01:06:14.451000,100,hard gate: eligible IT listing,unverified,METRO_VAN,
indeed,it,queued,Human Resources Business Partner,Kwantlen Polytechnic University,"Langley, BC, CA",https://ca.indeed.com/viewjob?jk=00b0a01ca816a3df,2026-07-13 01:06:14.445000,100,hard gate: eligible IT listing,company_site,METRO_VAN,
indeed,it,queued,"Senior People & Organization Business Partner, for COWI in North America",COWI,"North Vancouver, BC, CA",https://ca.indeed.com/viewjob?jk=2df926364d14788b,2026-07-13 01:06:14.440000,100,hard gate: eligible IT listing,unverified,METRO_VAN,
indeed,it,queued,HR Generalist,Axis Insurance Managers Inc.,"Vancouver, BC, CA",https://ca.indeed.com/viewjob?jk=13d82a467e35bbe4,2026-07-13 01:06:14.436000,100,hard gate: eligible IT listing,company_site,METRO_VAN,
indeed,it,queued,Human Resoures Generalist,Vancouver Pile Driving ltd,"North Vancouver, BC, CA",https://ca.indeed.com/viewjob?jk=8c0ed3286a95f599,2026-07-13 01:06:14.431000,100,hard gate: eligible IT listing,unverified,METRO_VAN,
indeed,it,queued,HR Operations and Transformation Partner,ConeTec Group,"Burnaby, BC, CA",https://ca.indeed.com/viewjob?jk=027790d4f07ecd21,2026-07-13 01:06:14.426000,100,hard gate: eligible IT listing,company_site,METRO_VAN,
indeed,it,queued,"Manager, Human Resources (18-month leave coverage contract)",Vancouver Aquarium,"Vancouver, BC, CA",https://ca.indeed.com/viewjob?jk=0e9ff959be0aa4a4,2026-07-13 01:06:14.421000,100,hard gate: eligible IT listing,easy_apply,METRO_VAN,
indeed,it,queued,HR Generalist,Axis Insurance Managers Inc.,"Vancouver, BC, CA",https://ca.indeed.com/viewjob?jk=ce46bba687246d8e,2026-07-13 01:06:14.417000,100,hard gate: eligible IT listing,easy_apply,METRO_VAN,
indeed,it,queued,Human Resoures Generalist,VANCOUVER PILE DRIVING LTD.,"North Vancouver, BC, CA",https://ca.indeed.com/viewjob?jk=5c3fc67d06f7a328,2026-07-13 01:06:14.412000,100,hard gate: eligible IT listing,easy_apply,METRO_VAN,
indeed,it,queued,Human Resoures Generalist,Carlson Construction Group,"North Vancouver, BC, CA",https://ca.indeed.com/viewjob?jk=9b2177d4bc34dd4c,2026-07-13 01:06:14.407000,100,hard gate: eligible IT listing,easy_apply,METRO_VAN,
indeed,it,queued,HR Generalist,Wallenius Wilhelmsen,"Delta, BC, CA",https://ca.indeed.com/viewjob?jk=a66a06380572b3df,2026-07-13 01:06:14.399000,100,hard gate: eligible IT listing,easy_apply,METRO_VAN,
indeed,it,queued,"Port Engineer, Electrical",Seaspan ULC,"Delta, BC, CA",https://ca.indeed.com/viewjob?jk=4c1114c77c985d8b,2026-07-13 01:06:14.394000,100,hard gate: eligible IT listing,company_site,METRO_VAN,
indeed,it,queued,Temporary Works Engineer,ALA Engineering Inc.,"New Westminster, BC, CA",https://ca.indeed.com/viewjob?jk=252ea791072baf0d,2026-07-13 01:06:14.389000,100,hard gate: eligible IT listing,easy_apply,METRO_VAN,
indeed,it,queued,"Operations Administrator, Inventory",CLS Catering Services Ltd.,"Richmond, BC, CA",https://ca.indeed.com/viewjob?jk=a1cc2d3829a3417c,2026-07-13 01:06:14.385000,100,hard gate: eligible IT listing,easy_apply,METRO_VAN,
indeed,it,queued,Assistant Food & Beverage Manager,CANUEL CATERERS / BRANDED DISTRIBUTION,"Coquitlam, BC, CA",https://ca.indeed.com/viewjob?jk=1b0b1a52599762d7,2026-07-13 01:06:14.380000,100,hard gate: eligible IT listing,easy_apply,METRO_VAN,
indeed,it,queued,"Assistant Front Store Manager, Hourly Full Time Flexible Shifts",Shoppers Drug Mart,"Richmond, BC, CA",https://ca.indeed.com/viewjob?jk=41118a168446ffb7,2026-07-13 01:06:14.375000,100,hard gate: eligible IT listing,unverified,METRO_VAN,
indeed,it,queued,"Pharmacy Assistant, Hourly Part Time Day",Shoppers Drug Mart,"Langley, BC, CA",https://ca.indeed.com/viewjob?jk=74b785ed81af3db9,2026-07-13 01:06:14.367000,100,hard gate: eligible IT listing,unverified,METRO_VAN,
indeed,it,queued,Senior Financial Services Representative - Burquitlam,Vancouver City Savings Credit Union,"Coquitlam, BC, CA",https://ca.indeed.com/viewjob?jk=3a9789097bf7d5cd,2026-07-13 01:06:14.359000,100,hard gate: eligible IT listing,company_site,METRO_VAN,
indeed,it,queued,Senior Financial Services Representative (BCGEU) - False Creek,Vancouver City Savings Credit Union,"Vancouver, BC, CA",https://ca.indeed.com/viewjob?jk=62cbde482548ffe6,2026-07-13 01:06:14.354000,100,hard gate: eligible IT listing,company_site,METRO_VAN,
indeed,it,queued,Member Experience Officer (BCGEU) - False Creek,Vancouver City Savings Credit Union,"Vancouver, BC, CA",https://ca.indeed.com/viewjob?jk=b54bd8f7839fef59,2026-07-13 01:06:14.348000,100,hard gate: eligible IT listing,company_site,METRO_VAN,
indeed,it,queued,Account Manager II (BCGEU) - False Creek,Vancouver City Savings Credit Union,"Vancouver, BC, CA",https://ca.indeed.com/viewjob?jk=695768a9a9993563,2026-07-13 01:06:14.340000,100,hard gate: eligible IT listing,company_site,METRO_VAN,
indeed,it,queued,Account Manager I (BCGEU) - False Creek,Vancouver City Savings Credit Union,"Vancouver, BC, CA",https://ca.indeed.com/viewjob?jk=84d49b4f6bc9c5cd,2026-07-13 01:06:14.335000,100,hard gate: eligible IT listing,company_site,METRO_VAN,
indeed,it,queued,"Receiver, Hourly Part Time Day",Shoppers Drug Mart,"Vancouver, BC, CA",https://ca.indeed.com/viewjob?jk=e749b8e9587c66ae,2026-07-13 01:06:14.329000,100,hard gate: eligible IT listing,unverified,METRO_VAN,
indeed,it,queued,"Receiver, Hourly Full Time Flexible Shifts",Shoppers Drug Mart,"Vancouver, BC, CA",https://ca.indeed.com/viewjob?jk=2a85bd6f2f0b9ab2,2026-07-13 01:06:14.322000,100,hard gate: eligible IT listing,unverified,METRO_VAN,
indeed,it,queued,"Assistant Front Store Manager, Hourly Full Time Flexible Shifts",Shoppers Drug Mart,"Vancouver, BC, CA",https://ca.indeed.com/viewjob?jk=15021bc59c551ad6,2026-07-13 01:06:14.318000,100,hard gate: eligible IT listing,unverified,METRO_VAN,
indeed,it,queued,Production Assistant - Cheesemaking,Golden Ears Cheesecrafters,"Maple Ridge, BC, CA",https://ca.indeed.com/viewjob?jk=a96723e37cb37313,2026-07-13 01:06:14.313000,100,hard gate: eligible IT listing,easy_apply,METRO_VAN,
indeed,it,queued,Employment Resource Advisor/Financial Supports Clerk (Fixed Term),WCG International Consultants Ltd.,"Burnaby, BC, CA",https://ca.indeed.com/viewjob?jk=48361105c41655e5,2026-07-13 01:06:14.309000,100,hard gate: eligible IT listing,easy_apply,METRO_VAN,
indeed,it,queued,Merchandise Processing Team Member - Langley (Full Time),Talize,"Langley, BC, CA",https://ca.indeed.com/viewjob?jk=f1002b02ba1ffe62,2026-07-13 01:06:14.303000,100,hard gate: eligible IT listing,easy_apply,METRO_VAN,
indeed,it,queued,Assistant Manager,JYSK,"Richmond, BC, CA",https://ca.indeed.com/viewjob?jk=4d44eee29a96b431,2026-07-13 01:06:14.296000,100,hard gate: eligible IT listing,easy_apply,METRO_VAN,
indeed,it,queued,Quick Service Attendant,Canucks Sports & Entertainment,"Vancouver, BC, CA",https://ca.indeed.com/viewjob?jk=840c4076f985c25c,2026-07-13 01:06:14.289000,100,hard gate: eligible IT listing,easy_apply,METRO_VAN,
indeed,it,queued,Pharmacy Assistant - Part Time,London Drugs,"Vancouver, BC, CA",https://ca.indeed.com/viewjob?jk=d5236709c9aee613,2026-07-13 01:06:14.281000,100,hard gate: eligible IT listing,easy_apply,METRO_VAN,
indeed,it,queued,"Assistant Manager, IPP Accounting",Arbutus Properties,"Vancouver, BC, CA",https://ca.indeed.com/viewjob?jk=8e7e80b8ef5bb1ad,2026-07-13 01:06:14.275000,100,hard gate: eligible IT listing,easy_apply,METRO_VAN,
indeed,it,queued,7802 - Assistant Store Manager FT,Lids Canada Inc.,"West Vancouver, BC, CA",https://ca.indeed.com/viewjob?jk=2806866609d190cd,2026-07-13 01:06:14.270000,100,hard gate: eligible IT listing,easy_apply,METRO_VAN,
indeed,it,queued,Assistant Store Manager,Herschel Supply Company,"Burnaby, BC, CA",https://ca.indeed.com/viewjob?jk=70d0cf6f38a1db3f,2026-07-13 01:06:14.265000,100,hard gate: eligible IT listing,easy_apply,METRO_VAN,
indeed,it,queued,PHYT-Physiotherapist,Lifemark Health Group,"New Westminster, BC, CA",https://ca.indeed.com/viewjob?jk=7b4ca4419c2ce681,2026-07-13 01:06:14.258000,100,hard gate: eligible IT listing,easy_apply,METRO_VAN,
indeed,it,queued,Social Media Marketing Assistant,Bella & Wren Design,"Langley, BC, CA",https://ca.indeed.com/viewjob?jk=efd047586c991d18,2026-07-13 01:06:14.248000,100,hard gate: eligible IT listing,easy_apply,METRO_VAN,
indeed,it,queued,Community Occupational Therapist - Mentorship Available,Swift Health Services,"Richmond, BC, CA",https://ca.indeed.com/viewjob?jk=7429ce81e0ac83ed,2026-07-13 01:06:14.242000,100,hard gate: eligible IT listing,easy_apply,METRO_VAN,
indeed,it,queued,Shop and Facility Assistant,NuWave Research Inc,"Burnaby, BC, CA",https://ca.indeed.com/viewjob?jk=c612028314514fcf,2026-07-13 01:06:14.221000,100,hard gate: eligible IT listing,easy_apply,METRO_VAN,
indeed,it,queued,Store Team Lead (Part-Time),Vessi Footwear,"Burnaby, BC, CA",https://ca.indeed.com/viewjob?jk=9bde3183e068691d,2026-07-13 01:06:14.201000,100,hard gate: eligible IT listing,easy_apply,METRO_VAN,
indeed,it,queued,Recycler - Langley (Full Time),Talize,"Langley, BC, CA",https://ca.indeed.com/viewjob?jk=6aaeafac8f143033,2026-07-13 01:06:14.196000,100,hard gate: eligible IT listing,easy_apply,METRO_VAN,
indeed,it,queued,Survey Assistant,Binnie,"Burnaby, BC, CA",https://ca.indeed.com/viewjob?jk=d889a142ce864a6d,2026-07-13 01:06:14.190000,100,hard gate: eligible IT listing,easy_apply,METRO_VAN,
indeed,it,queued,PRET A MANGER YVR Assistant Manager & Manager,Jem Family Restaurants,"Richmond, BC, CA",https://ca.indeed.com/viewjob?jk=c39565060ddfb1df,2026-07-13 01:06:14.175000,100,hard gate: eligible IT listing,easy_apply,METRO_VAN,
indeed,it,queued,Guest Services Representative,Hilton,"Richmond, BC, CA",https://ca.indeed.com/viewjob?jk=35fb202b126e8af5,2026-07-13 01:06:14.169000,100,hard gate: eligible IT listing,easy_apply,METRO_VAN,
indeed,it,queued,Pharmacy Assistant,Peoples Inwell pharmacy,"Burnaby, BC, CA",https://ca.indeed.com/viewjob?jk=c54ecdedfddfa9de,2026-07-13 01:06:14.162000,100,hard gate: eligible IT listing,easy_apply,METRO_VAN,
indeed,it,queued,"Health, Safety & Environmental Manager",Arcadis,"Vancouver, BC, CA",https://ca.indeed.com/viewjob?jk=12a31c5e1ee15cc8,2026-07-13 01:06:14.155000,100,hard gate: eligible IT listing,unverified,METRO_VAN,
indeed,it,queued,Senior Technical Delivery Manager,Specsavers,"Burnaby, BC, CA",https://ca.indeed.com/viewjob?jk=9a778d76d40f1301,2026-07-13 01:06:14.149000,100,hard gate: eligible IT listing,unverified,METRO_VAN,
indeed,it,queued,"Diagnostic Medical Sonographer, General Procedures - Burnaby Hospital",Fraser Health,"Burnaby, BC, CA",https://ca.indeed.com/viewjob?jk=85138a0f138e6374,2026-07-13 01:06:14.143000,100,hard gate: eligible IT listing,unverified,METRO_VAN,
indeed,it,queued,Supply Chain Coordinator,ETRO Construction,"Vancouver, BC, CA",https://ca.indeed.com/viewjob?jk=39eb0c9266d5c262,2026-07-13 01:06:14.137000,100,hard gate: eligible IT listing,unverified,METRO_VAN,
indeed,it,queued,Temporary Labour Relations Officer - WCB Advocacy USW-024-26,BC NURSES UNION,"Burnaby, BC, CA",https://ca.indeed.com/viewjob?jk=a5fbb2dccc0c442d,2026-07-13 01:06:14.129000,100,hard gate: eligible IT listing,easy_apply,METRO_VAN,
indeed,it,queued,Grading Foreman/woman (Road Building),Mainland Construction Materials,"Surrey, BC, CA",https://ca.indeed.com/viewjob?jk=829dec074173629a,2026-07-13 01:06:14.122000,100,hard gate: eligible IT listing,easy_apply,METRO_VAN,
indeed,it,queued,"Clinical Research Coordinator, Clinical Support Unit - BC Children’s Research Institute",Provincial Health Services Authority (PHSA),"Vancouver, BC, CA",https://ca.indeed.com/viewjob?jk=07abc1c2097dd330,2026-07-13 01:06:14.116000,100,hard gate: eligible IT listing,unverified,METRO_VAN,
indeed,it,queued,"Project Manager, Child, Youth and Reproductive Mental Health - BC Children's Hospital",Provincial Health Services Authority (PHSA),"Vancouver, BC, CA",https://ca.indeed.com/viewjob?jk=17fde1ff9fc08603,2026-07-13 01:06:14.107000,100,hard gate: eligible IT listing,unverified,METRO_VAN,
indeed,it,queued,"Nurse Clinician Case Manager, Nursing Support Services Program - BC Children's Hospital",Provincial Health Services Authority (PHSA),"Vancouver, BC, CA",https://ca.indeed.com/viewjob?jk=b1f9b30375687896,2026-07-13 01:06:14.096000,100,hard gate: eligible IT listing,unverified,METRO_VAN,
indeed,it,queued,Senior Environmental Coordinator,BC Hydro,"Burnaby, BC, CA",https://ca.indeed.com/viewjob?jk=8c81bfac63a70946,2026-07-13 01:06:14.079000,100,hard gate: eligible IT listing,unverified,METRO_VAN,
indeed,it,queued,Imaging Informatics Coordinator P2BI,Provincial Health Services Authority (PHSA),"Vancouver, BC, CA",https://ca.indeed.com/viewjob?jk=8ba1aded79b4c358,2026-07-13 01:06:14.071000,100,hard gate: eligible IT listing,unverified,METRO_VAN,
indeed,it,queued,Safety Supervisor,Triton Environmental Consultants,"Vancouver, BC, CA",https://ca.indeed.com/viewjob?jk=7e1eb4e4dc7a24e1,2026-07-13 01:06:14.062000,100,hard gate: eligible IT listing,company_site,METRO_VAN,
indeed,it,queued,Quality Manager,Aecon Group Inc.,"Vancouver, BC, CA",https://ca.indeed.com/viewjob?jk=df8c1f8cdd382289,2026-07-13 01:06:14.053000,100,hard gate: eligible IT listing,unverified,METRO_VAN,
indeed,it,queued,Salon General Manager,LIFE&COLOUR salon,"Vancouver, BC, CA",https://ca.indeed.com/viewjob?jk=099918678996c843,2026-07-13 01:06:14.043000,100,hard gate: eligible IT listing,unverified,METRO_VAN,
indeed,it,queued,ECE/ECEA/Responsible Adult,Westminster Children's After School Society (WCAS),"New Westminster, BC, CA",https://ca.indeed.com/viewjob?jk=560de0c796a71e9a,2026-07-13 01:06:14.034000,100,hard gate: eligible IT listing,easy_apply,METRO_VAN,
indeed,it,queued,Quality Coordinator,CB Supplies,"Surrey, BC, CA",https://ca.indeed.com/viewjob?jk=518a9ab772e43166,2026-07-13 01:06:14.022000,100,hard gate: eligible IT listing,easy_apply,METRO_VAN,
indeed,it,queued,Sales Manager,Merit Kitchens,"Langley, BC, CA",https://ca.indeed.com/viewjob?jk=0cebb502dae596e6,2026-07-13 01:06:14,100,hard gate: eligible IT listing,easy_apply,METRO_VAN,
indeed,it,queued,Frontline Coordinator Salon/Spa,The Mega Hair Group Inc.,"Coquitlam, BC, CA",https://ca.indeed.com/viewjob?jk=cdcf7f2cfd6d4d00,2026-07-13 01:06:13.995000,100,hard gate: eligible IT listing,easy_apply,METRO_VAN,
indeed,it,queued,Scheduler / Care Coordinator,Hero Home Care,"North Vancouver, BC, CA",https://ca.indeed.com/viewjob?jk=29bcd63aa1000de9,2026-07-13 01:06:13.990000,100,hard gate: eligible IT listing,easy_apply,METRO_VAN,
indeed,it,queued,House Manager (Part-Time),Acclivity,"West Vancouver, BC, CA",https://ca.indeed.com/viewjob?jk=a0da14103930a5c6,2026-07-13 01:06:13.977000,100,hard gate: eligible IT listing,easy_apply,METRO_VAN,
indeed,it,queued,SnowPros - Field Manager (“Ranger”),Snow Pros Services Ltd,"Vancouver, BC, CA",https://ca.indeed.com/viewjob?jk=786e778fb6149718,2026-07-13 01:06:13.969000,100,hard gate: eligible IT listing,easy_apply,METRO_VAN,
indeed,it,queued,Client Experience Coordinator,Fruition Skin Therapy,"North Vancouver, BC, CA",https://ca.indeed.com/viewjob?jk=5fbb81f64ea6772c,2026-07-13 01:06:13.964000,100,hard gate: eligible IT listing,easy_apply,METRO_VAN,
indeed,it,queued,Freight Planner - CA,GEODIS,"Richmond, BC, CA",https://ca.indeed.com/viewjob?jk=6c283de85394f240,2026-07-13 01:06:13.959000,100,hard gate: eligible IT listing,easy_apply,METRO_VAN,
indeed,it,queued,Top Hand,Westower Communications Ltd,"Surrey, BC, CA",https://ca.indeed.com/viewjob?jk=ddaa9ef1bc744c71,2026-07-13 01:06:13.944000,100,hard gate: eligible IT listing,easy_apply,METRO_VAN,
indeed,it,queued,Oracle Data Reporting Lead,Accenture,"Vancouver, BC, CA",https://ca.indeed.com/viewjob?jk=e18de4d8936a4e25,2026-07-13 01:06:13.933000,100,hard gate: eligible IT listing,unverified,METRO_VAN,
indeed,it,queued,Oracle ERP Delivery Lead,Accenture,"Vancouver, BC, CA",https://ca.indeed.com/viewjob?jk=ba846d8937b348bd,2026-07-13 01:06:13.926000,100,hard gate: eligible IT listing,unverified,METRO_VAN,
indeed,it,queued,RELEX Technical Consultant,Accenture,"Vancouver, BC, CA",https://ca.indeed.com/viewjob?jk=e574c76818317c89,2026-07-13 01:06:13.913000,100,hard gate: eligible IT listing,unverified,METRO_VAN,
indeed,it,queued,"Senior Manager, Human Resources Consulting",KPMG,"Vancouver, BC, CA",https://ca.indeed.com/viewjob?jk=d65d0797c2fc18f1,2026-07-13 01:06:13.903000,100,hard gate: eligible IT listing,unverified,METRO_VAN,
indeed,it,queued,Claims Administrator,HUB International,"Langley, BC, CA",https://ca.indeed.com/viewjob?jk=1c2014eff44773f8,2026-07-13 01:06:13.896000,100,hard gate: eligible IT listing,unverified,METRO_VAN,
indeed,it,queued,"Lead, Health Informatics",Fraser Health,"Surrey, BC, CA",https://ca.indeed.com/viewjob?jk=446c8901183b9f63,2026-07-13 01:06:13.888000,100,hard gate: eligible IT listing,unverified,METRO_VAN,
indeed,it,queued,"Lead, Health Informatics",Fraser Health,"Surrey, BC, CA",https://ca.indeed.com/viewjob?jk=e9bbe1dbbac67b72,2026-07-13 01:06:13.878000,100,hard gate: eligible IT listing,unverified,METRO_VAN,
indeed,it,queued,Senior Will Consultant,TD,"Langley, BC, CA",https://ca.indeed.com/viewjob?jk=be9d896bc5dbcdb7,2026-07-13 01:06:13.870000,100,hard gate: eligible IT listing,company_site,METRO_VAN,
indeed,it,queued,"Claims Consultant, Specialty (E+O/D+O/Commercial Crime)",Intact,"Vancouver, BC, CA",https://ca.indeed.com/viewjob?jk=9e35102114a3ce9a,2026-07-13 01:06:13.863000,100,hard gate: eligible IT listing,unverified,METRO_VAN,
indeed,it,queued,Senior Scheduler,Pomerleau,"Vancouver, BC, CA",https://ca.indeed.com/viewjob?jk=90879cf07817f462,2026-07-13 01:06:13.845000,100,hard gate: eligible IT listing,unverified,METRO_VAN,
indeed,it,queued,Sr. Software Development Engineer - Agentic System,Workday,"Vancouver, BC, CA",https://ca.indeed.com/viewjob?jk=39823943e7859251,2026-07-13 01:06:13.836000,100,hard gate: eligible IT listing,company_site,METRO_VAN,
indeed,it,queued,Safety Manager,ERCO Worldwide,"North Vancouver, BC, CA",https://ca.indeed.com/viewjob?jk=7e884cadc0012e5c,2026-07-13 01:06:13.828000,100,hard gate: eligible IT listing,company_site,METRO_VAN,
indeed,it,queued,"Business Development Manager, Smart Buildings - Western Canada",Siemens,"Vancouver, BC, CA",https://ca.indeed.com/viewjob?jk=8755201bb8773d47,2026-07-13 01:06:13.819000,100,hard gate: eligible IT listing,unverified,METRO_VAN,
indeed,it,queued,Software Engineer 4 (Backend Developer),Nutanix,"Vancouver, BC, CA",https://ca.indeed.com/viewjob?jk=f42887c7e91a7699,2026-07-13 01:06:13.812000,100,hard gate: eligible IT listing,company_site,METRO_VAN,
indeed,it,queued,Safety Manager,ERCO Worldwide,"North Vancouver, BC, CA",https://ca.indeed.com/viewjob?jk=7ce123a53935069d,2026-07-13 01:06:13.805000,100,hard gate: eligible IT listing,company_site,METRO_VAN,
indeed,it,queued,Safety Manager,ERCO Worldwide,"North Vancouver, BC, CA",https://ca.indeed.com/viewjob?jk=13a9633070ce694b,2026-07-13 01:06:13.795000,100,hard gate: eligible IT listing,company_site,METRO_VAN,
indeed,it,queued,Development Manager - EA Sports Technology Group,Electronic Arts,"Vancouver, BC, CA",https://ca.indeed.com/viewjob?jk=64692093003275cf,2026-07-13 01:06:13.783000,100,hard gate: eligible IT listing,unverified,METRO_VAN,
indeed,it,queued,Product Engineer,Orbital,"Vancouver, BC, CA",https://ca.indeed.com/viewjob?jk=7bb4be265a63abba,2026-07-13 01:06:13.774000,100,hard gate: eligible IT listing,company_site,METRO_VAN,
indeed,it,queued,ASSISTANT SUPERINTENDENT – EAST 49TH PROJECT,English Inn Hotel & Wedding Venue,"Vancouver, BC, CA",https://ca.indeed.com/viewjob?jk=0cf8652d6fbdc868,2026-07-13 01:06:13.767000,100,hard gate: eligible IT listing,easy_apply,METRO_VAN,
indeed,it,queued,Maintenance Worker,SilverBirch Hotels & Resorts,"Vancouver, BC, CA",https://ca.indeed.com/viewjob?jk=d4648b9b74a7ddcd,2026-07-13 01:06:13.760000,100,hard gate: eligible IT listing,easy_apply,METRO_VAN,
indeed,it,queued,"Financial Planner, Scotia Financial Planning- Langley, BC",Scotiabank,"Langley, BC, CA",https://ca.indeed.com/viewjob?jk=8c8bce3a4ee06be7,2026-07-13 01:06:13.752000,100,hard gate: eligible IT listing,unverified,METRO_VAN,
indeed,it,queued,Workplace Experience Specialist,RSM,"Vancouver, BC, CA",https://ca.indeed.com/viewjob?jk=60933c369b7de89f,2026-07-13 01:06:13.743000,100,hard gate: eligible IT listing,unverified,METRO_VAN,
indeed,it,queued,Curriculum Development Specialist,Vancouver Police Department,"Vancouver, BC, CA",https://ca.indeed.com/viewjob?jk=8af604a32fd8f77e,2026-07-13 01:06:13.733000,100,hard gate: eligible IT listing,unverified,METRO_VAN,
indeed,it,queued,Nurse Practitioner or Physician Assistant,Headlands Research,"Vancouver, BC, CA",https://ca.indeed.com/viewjob?jk=094805859719dd66,2026-07-13 01:06:13.724000,100,hard gate: eligible IT listing,easy_apply,METRO_VAN,
indeed,it,queued,"Principal Software Engineer, Cloud & Edge Backend",Saviynt,"Vancouver, BC, CA",https://ca.indeed.com/viewjob?jk=ce3a42321c2474c1,2026-07-13 01:06:13.718000,100,hard gate: eligible IT listing,company_site,METRO_VAN,
indeed,it,queued,Software Programs - Software Development Manager,OSI Maritime Systems,"Burnaby, BC, CA",https://ca.indeed.com/viewjob?jk=a2aacd6451bfaa77,2026-07-13 01:06:13.700000,100,hard gate: eligible IT listing,company_site,METRO_VAN,
indeed,it,queued,Machine Learning Research Engineer,RBC,"Vancouver, BC, CA",https://ca.indeed.com/viewjob?jk=be8e6c387091afa3,2026-07-13 01:06:13.693000,100,hard gate: eligible IT listing,unverified,METRO_VAN,
indeed,it,queued,"Machine Learning Engineer, AICE - AI Center of Excellence",Amazon.com,"Vancouver, BC, CA",https://ca.indeed.com/viewjob?jk=a4fdce8f1fe45a59,2026-07-13 01:06:13.686000,100,hard gate: eligible IT listing,unverified,METRO_VAN,
indeed,it,queued,Principal Software Development Engineer,Workday,"Vancouver, BC, CA",https://ca.indeed.com/viewjob?jk=57ede1a6097a663f,2026-07-13 01:06:13.679000,100,hard gate: eligible IT listing,company_site,METRO_VAN,
indeed,it,queued,Senior Python Software Developer,"PDF Solutions, Inc","Vancouver, BC, CA",https://ca.indeed.com/viewjob?jk=a8d4170a77aa1ca3,2026-07-13 01:06:13.672000,100,hard gate: eligible IT listing,unverified,METRO_VAN,
indeed,it,queued,"Senior Engineer, Payments",Xero,"Vancouver, BC, CA",https://ca.indeed.com/viewjob?jk=800cdc62e498afa4,2026-07-13 01:06:13.664000,100,hard gate: eligible IT listing,company_site,METRO_VAN,
indeed,it,queued,Senior Information Architect,ARC'TERYX,"North Vancouver, BC, CA",https://ca.indeed.com/viewjob?jk=3a765fdc4e0b5f26,2026-07-13 01:06:13.656000,100,hard gate: eligible IT listing,company_site,METRO_VAN,
indeed,it,queued,Lead GCP Data Engineer,Wipro,"Vancouver, BC, CA",https://ca.indeed.com/viewjob?jk=d0c1404154444923,2026-07-13 01:06:13.649000,100,hard gate: eligible IT listing,unverified,METRO_VAN,
indeed,it,queued,"Director, Program Delivery",RBC,"Vancouver, BC, CA",https://ca.indeed.com/viewjob?jk=59a4dbeaa01bf302,2026-07-13 01:06:13.643000,100,hard gate: eligible IT listing,unverified,METRO_VAN,
indeed,it,queued,Senior Engineer,Xero,"Vancouver, BC, CA",https://ca.indeed.com/viewjob?jk=870217f979e73854,2026-07-13 01:06:13.635000,100,hard gate: eligible IT listing,company_site,METRO_VAN,
indeed,it,queued,"Software Development Engineer, Alexa Screen Experience",Amazon.com,"Vancouver, BC, CA",https://ca.indeed.com/viewjob?jk=89cdb78cce4444bd,2026-07-13 01:06:13.629000,100,hard gate: eligible IT listing,unverified,METRO_VAN,
indeed,it,queued,"Lead Software Engineer, Original Game (Unreal Engine 5)",Blackbird Interactive,"Vancouver, BC, CA",https://ca.indeed.com/viewjob?jk=b805c05cb86f035d,2026-07-13 01:06:13.623000,100,hard gate: eligible IT listing,company_site,METRO_VAN,
indeed,it,queued,Senior Algorithms Developer,D-Wave,"Burnaby, BC, CA",https://ca.indeed.com/viewjob?jk=ce0b8884ea4bc182,2026-07-13 01:06:13.616000,100,hard gate: eligible IT listing,easy_apply,METRO_VAN,
indeed,it,queued,Project & Warranty Coordinator,,"Richmond, BC, CA",https://ca.indeed.com/viewjob?jk=a9887bdd69beff86,2026-07-13 01:06:13.610000,100,hard gate: eligible IT listing,easy_apply,METRO_VAN,
indeed,it,queued,"Manager, Marketing Creative",AfterShip,"Vancouver, BC, CA",https://ca.indeed.com/viewjob?jk=1e53a7a90bd6bf0f,2026-07-13 01:06:13.602000,100,hard gate: eligible IT listing,easy_apply,METRO_VAN,
indeed,it,queued,"General Supervisor, Equipment Reliability",Seaspan ULC,"North Vancouver, BC, CA",https://ca.indeed.com/viewjob?jk=a82e54942557739e,2026-07-13 01:06:13.590000,100,hard gate: eligible IT listing,company_site,METRO_VAN,
indeed,it,queued,"Principal Engineer, Outfitting",Seaspan ULC,"North Vancouver, BC, CA",https://ca.indeed.com/viewjob?jk=f645b41c4604b1b5,2026-07-13 01:06:13.584000,100,hard gate: eligible IT listing,company_site,METRO_VAN,
indeed,it,queued,Planner II (Design Build - Process Management),Seaspan ULC,"North Vancouver, BC, CA",https://ca.indeed.com/viewjob?jk=4e3241f43ab2f7b4,2026-07-13 01:06:13.577000,100,hard gate: eligible IT listing,company_site,METRO_VAN,
indeed,it,queued,Maintenance & Engineering Superintendent,Seaspan ULC,"Delta, BC, CA",https://ca.indeed.com/viewjob?jk=28341badb02ca4aa,2026-07-13 01:06:13.571000,100,hard gate: eligible IT listing,company_site,METRO_VAN,
indeed,it,queued,Marine Electronics Technologist,Seaspan ULC,"North Vancouver, BC, CA",https://ca.indeed.com/viewjob?jk=e51f94d58ad77e5c,2026-07-13 01:06:13.564000,100,hard gate: eligible IT listing,company_site,METRO_VAN,
indeed,it,queued,Principal Technology Architect - Wireless Core,Telus,"Burnaby, BC, CA",https://ca.indeed.com/viewjob?jk=d7972fb9c1d13871,2026-07-13 01:06:13.559000,100,hard gate: eligible IT listing,unverified,METRO_VAN,
indeed,it,queued,Senior Software Engineer - Product,Parallel Domain,"Vancouver, BC, CA",https://ca.indeed.com/viewjob?jk=d86f4063fa334a18,2026-07-13 01:06:13.555000,100,hard gate: eligible IT listing,company_site,METRO_VAN,
indeed,it,queued,Lead Platform Architect,Electronic Arts,"Vancouver, BC, CA",https://ca.indeed.com/viewjob?jk=feeb08164cf70986,2026-07-13 01:06:13.549000,100,hard gate: eligible IT listing,unverified,METRO_VAN,
indeed,it,queued,QA Automation Developer,Thales,"Vancouver, BC, CA",https://ca.indeed.com/viewjob?jk=847002cc7b868cb1,2026-07-13 01:06:13.536000,100,hard gate: eligible IT listing,unverified,METRO_VAN,
indeed,it,queued,Software Engineer II - Full Stack,Microsoft,"Vancouver, BC, CA",https://ca.indeed.com/viewjob?jk=b31bce6543013ad2,2026-07-13 01:06:13.530000,100,hard gate: eligible IT listing,unverified,METRO_VAN,
indeed,it,queued,Backend Engineer - AI Products,iCOUNTER,"Burnaby, BC, CA",https://ca.indeed.com/viewjob?jk=c733d736e6538bae,2026-07-13 01:06:13.523000,100,hard gate: eligible IT listing,company_site,METRO_VAN,
indeed,it,queued,Hardware Engineering Manager,Arlo Technologies,"Richmond, BC, CA",https://ca.indeed.com/viewjob?jk=9c985a554d1a6e54,2026-07-13 01:06:13.517000,100,hard gate: eligible IT listing,company_site,METRO_VAN,
indeed,it,queued,"Associate Principal Software Engineer, Cloud & Edge Backend",Saviynt,"Vancouver, BC, CA",https://ca.indeed.com/viewjob?jk=356678d083c7fb53,2026-07-13 01:06:13.511000,100,hard gate: eligible IT listing,company_site,METRO_VAN,
indeed,it,queued,Senior Accountant - Public Practice,"Peter Wu, CPA","Richmond, BC, CA",https://ca.indeed.com/viewjob?jk=6dab7eade4bbb8a2,2026-07-13 01:06:13.505000,100,hard gate: eligible IT listing,unverified,METRO_VAN,
indeed,it,queued,Conseiller en service de donnée / Consultant Data Services,ADP,"Burnaby, BC, CA",https://ca.indeed.com/viewjob?jk=89145aff13489525,2026-07-13 01:06:13.499000,100,hard gate: eligible IT listing,unverified,METRO_VAN,
indeed,it,queued,Associate Cloud Developer,BCAA,"Burnaby, BC, CA",https://ca.indeed.com/viewjob?jk=9791be786df60028,2026-07-13 01:06:13.492000,100,hard gate: eligible IT listing,company_site,METRO_VAN,
indeed,it,queued,"Associate, Customer Support",MEDFAR Solutions Cliniques,"Burnaby, BC, CA",https://ca.indeed.com/viewjob?jk=51ee78a217bb30eb,2026-07-13 01:06:13.487000,100,hard gate: eligible IT listing,easy_apply,METRO_VAN,
indeed,it,queued,Civil/Hydrotechnical EIT,PRI Consultants,"Vancouver, BC, CA",https://ca.indeed.com/viewjob?jk=dc461044524bd216,2026-07-13 01:06:13.482000,100,hard gate: eligible IT listing,company_site,METRO_VAN,
indeed,it,queued,Senior Electrical Engineer,TEEMA,"Vancouver, BC, CA",https://ca.indeed.com/viewjob?jk=1d5834f419a0e635,2026-07-13 01:06:13.476000,100,hard gate: eligible IT listing,unverified,METRO_VAN,
indeed,it,queued,"Structures Design Manager, for COWI in North America",COWI,"North Vancouver, BC, CA",https://ca.indeed.com/viewjob?jk=e6af717717fbd2e3,2026-07-13 01:06:13.470000,100,hard gate: eligible IT listing,unverified,METRO_VAN,
indeed,it,queued,"Principal Software Engineer, Platform Engineering & Edge Infrastructure",Saviynt,"Vancouver, BC, CA",https://ca.indeed.com/viewjob?jk=ec4e2ba942d5ebe8,2026-07-13 01:06:13.464000,100,hard gate: eligible IT listing,company_site,METRO_VAN,
indeed,it,queued,Project Manager - Defence Infrastructure,Kiewit Corporation,"Burnaby, BC, CA",https://ca.indeed.com/viewjob?jk=6aeb0531e373550d,2026-07-13 01:06:13.460000,100,hard gate: eligible IT listing,unverified,METRO_VAN,
indeed,it,queued,Engineering Coop Student (Computer Science),British Columbia Rapid Transit Company,"Metro Vancouver Regional District, BC, CA",https://ca.indeed.com/viewjob?jk=7a17a7e3fd0d92b2,2026-07-13 01:06:13.455000,100,hard gate: eligible IT listing,unverified,METRO_VAN,
indeed,it,queued,Snr. Project Manager,VANCOUVER PILE DRIVING LTD.,"North Vancouver, BC, CA",https://ca.indeed.com/viewjob?jk=85c9f8cce582b4ab,2026-07-13 01:06:13.450000,100,hard gate: eligible IT listing,unverified,METRO_VAN,
indeed,it,queued,Snr. Project Manager,Carlson Construction Group,"North Vancouver, BC, CA",https://ca.indeed.com/viewjob?jk=18592b1777d4f46a,2026-07-13 01:06:13.436000,100,hard gate: eligible IT listing,unverified,METRO_VAN,
indeed,it,queued,Snr. Project Manager,Vancouver Pile Driving ltd,"North Vancouver, BC, CA",https://ca.indeed.com/viewjob?jk=dc1f28a4bbe96a90,2026-07-13 01:06:13.429000,100,hard gate: eligible IT listing,unverified,METRO_VAN,
indeed,it,queued,Senior/Lead Electrical Engineer - Burnaby,Ausenco,"Burnaby, BC, CA",https://ca.indeed.com/viewjob?jk=96655d1c586f6072,2026-07-13 01:06:13.423000,100,hard gate: eligible IT listing,unverified,METRO_VAN,
indeed,it,queued,"Electrical Engineer-in-Training, Buildings",WSP,"Vancouver, BC, CA",https://ca.indeed.com/viewjob?jk=7a7e5a5be474dcf1,2026-07-13 01:06:13.414000,100,hard gate: eligible IT listing,company_site,METRO_VAN,
indeed,it,queued,Public Health Engineer,First Nations Health Authority,"Metro Vancouver Regional District, BC, CA",https://ca.indeed.com/viewjob?jk=256138f17d4d9b7f,2026-07-13 01:06:13.409000,100,hard gate: eligible IT listing,unverified,METRO_VAN,
indeed,it,queued,"Expression of Interest - Sr. Software Engineer, Pipeline Infrastructure",The Walt Disney Studios,"Vancouver, BC, CA",https://ca.indeed.com/viewjob?jk=5ecfc6ad9f0f5ddd,2026-07-13 01:06:13.403000,100,hard gate: eligible IT listing,unverified,METRO_VAN,
indeed,it,queued,Senior Dam Safety Engineer - Dams and Hydropower,"McMillen, Inc.","Vancouver, BC, CA",https://ca.indeed.com/viewjob?jk=a535ac5cd373b416,2026-07-13 01:06:13.397000,100,hard gate: eligible IT listing,easy_apply,METRO_VAN,
indeed,it,queued,DSP - FEC Design Engineer,Celero Communications,"Vancouver, BC, CA",https://ca.indeed.com/viewjob?jk=d5a76c86eb990048,2026-07-13 01:06:13.391000,100,hard gate: eligible IT listing,easy_apply,METRO_VAN,
indeed,it,queued,DSP - Optical Frontend Modeling Engineer,Celero Communications,"Vancouver, BC, CA",https://ca.indeed.com/viewjob?jk=0abb6a4185f54fdb,2026-07-13 01:06:13.385000,100,hard gate: eligible IT listing,easy_apply,METRO_VAN,
indeed,it,queued,Robotic and Automation Lead,Seaspan ULC,"North Vancouver, BC, CA",https://ca.indeed.com/viewjob?jk=0a9e2f9884fe5844,2026-07-13 01:06:13.378000,100,hard gate: eligible IT listing,company_site,METRO_VAN,
indeed,it,queued,Software Integration Engineer (Cybersecurity / Networking),OSI Maritime Systems,"Burnaby, BC, CA",https://ca.indeed.com/viewjob?jk=6c6cb9d1fb479473,2026-07-13 01:06:13.373000,100,hard gate: eligible IT listing,company_site,METRO_VAN,
indeed,it,queued,"Principal Software Engineer, Endpoint Platform",Saviynt,"Vancouver, BC, CA",https://ca.indeed.com/viewjob?jk=9d3fb8bcc5181238,2026-07-13 01:06:13.368000,100,hard gate: eligible IT listing,company_site,METRO_VAN,
indeed,it,queued,"Software Engineer, SCOT-Fulfillment Optimization",Amazon.com,"Vancouver, BC, CA",https://ca.indeed.com/viewjob?jk=f7366b8672963b3c,2026-07-13 01:06:13.362000,100,hard gate: eligible IT listing,unverified,METRO_VAN,
indeed,it,queued,"Software Engineer, SCOT-Fulfillment Optimization, Outbound Optimization",Amazon.com,"Vancouver, BC, CA",https://ca.indeed.com/viewjob?jk=b9f1bb087be138f4,2026-07-13 01:06:13.357000,100,hard gate: eligible IT listing,unverified,METRO_VAN,
indeed,it,queued,"Software Development Manager, S3 Routing and Blob Placement",Amazon.com,"Vancouver, BC, CA",https://ca.indeed.com/viewjob?jk=af89781f9ac9f218,2026-07-13 01:06:13.351000,100,hard gate: eligible IT listing,unverified,METRO_VAN,
indeed,it,queued,Senior Lead Site Reliability Engineer | IFS Copperleaf,IFS,"Vancouver, BC, CA",https://ca.indeed.com/viewjob?jk=02f045bba05b3da0,2026-07-13 01:06:13.346000,100,hard gate: eligible IT listing,easy_apply,METRO_VAN,
indeed,it,queued,"Detail Designer III, Structural",Seaspan ULC,"North Vancouver, BC, CA",https://ca.indeed.com/viewjob?jk=33cf3d8f5cd35819,2026-07-13 01:06:13.340000,100,hard gate: eligible IT listing,company_site,METRO_VAN,
indeed,it,queued,Marketing & Communications Specialist,Vancouver Chinatown Foundation,"Vancouver, BC, CA",https://ca.indeed.com/viewjob?jk=c4380f85df02201e,2026-07-13 01:06:13.336000,100,hard gate: eligible IT listing,unverified,METRO_VAN,
indeed,it,queued,Physiotherapist,Couve Health,"Vancouver, BC, CA",https://ca.indeed.com/viewjob?jk=69f554efabb8d736,2026-07-13 01:06:13.328000,100,hard gate: eligible IT listing,easy_apply,METRO_VAN,
indeed,it,queued,Senior Contract Specialist - PL#40735,Peter Lucas Project Management Inc.,"Vancouver, BC, CA",https://ca.indeed.com/viewjob?jk=b63ccaee3db218f8,2026-07-13 01:06:13.323000,100,hard gate: eligible IT listing,easy_apply,METRO_VAN,
indeed,it,queued,Project Manager II (Capital Projects),Seaspan ULC,"North Vancouver, BC, CA",https://ca.indeed.com/viewjob?jk=0b62b46e8af18187,2026-07-13 01:06:13.318000,100,hard gate: eligible IT listing,easy_apply,METRO_VAN,
indeed,it,queued,Assistant Project Manager II,Seaspan ULC,"North Vancouver, BC, CA",https://ca.indeed.com/viewjob?jk=47e5500251984e87,2026-07-13 01:06:13.311000,100,hard gate: eligible IT listing,easy_apply,METRO_VAN,
indeed,it,queued,Mapping Technician 2,"City of Coquitlam, BC","Coquitlam, BC, CA",https://ca.indeed.com/viewjob?jk=bc656918412027ea,2026-07-13 01:06:13.304000,100,hard gate: eligible IT listing,unverified,METRO_VAN,
indeed,it,queued,Furnishing Apprentice - Vancouver,WestJet Airlines,"Vancouver, BC, CA",https://ca.indeed.com/viewjob?jk=d0065d0a82787612,2026-07-13 01:06:13.298000,100,hard gate: eligible IT listing,easy_apply,METRO_VAN,
indeed,it,queued,Executive Administrator & Personal Assistant to the CEO,Vancouver Chinatown Foundation,"Vancouver, BC, CA",https://ca.indeed.com/viewjob?jk=0540a71e4e7b7de5,2026-07-13 01:06:13.292000,100,hard gate: eligible IT listing,unverified,METRO_VAN,
indeed,it,queued,"Manager, Food Services & Community-Use",SCHOOL DISTRICT #35 (LANGLEY),"Langley, BC, CA",https://ca.indeed.com/viewjob?jk=8c3b39a8035f086a,2026-07-13 01:06:13.286000,100,hard gate: eligible IT listing,unverified,METRO_VAN,
indeed,it,queued,"Manager, Awards - Processing",University of British Columbia,"Vancouver, BC, CA",https://ca.indeed.com/viewjob?jk=d454659d81d57319,2026-07-13 01:06:13.276000,100,hard gate: eligible IT listing,company_site,METRO_VAN,
indeed,it,queued,HSE Administrator,VANCOUVER PILE DRIVING LTD.,"North Vancouver, BC, CA",https://ca.indeed.com/viewjob?jk=59a81c0c221146f1,2026-07-13 01:06:13.270000,100,hard gate: eligible IT listing,unverified,METRO_VAN,
indeed,it,queued,HSE Administrator,Brymark Installations,"North Vancouver, BC, CA",https://ca.indeed.com/viewjob?jk=c3368506762b4327,2026-07-13 01:06:13.264000,100,hard gate: eligible IT listing,unverified,METRO_VAN,
indeed,it,queued,HSE Administrator,Carlson Construction Group,"North Vancouver, BC, CA",https://ca.indeed.com/viewjob?jk=38ba69a0cfd4f8c4,2026-07-13 01:06:13.259000,100,hard gate: eligible IT listing,unverified,METRO_VAN,
indeed,it,queued,HSE Administrator,Vancouver Pile Driving ltd,"North Vancouver, BC, CA",https://ca.indeed.com/viewjob?jk=3217e5dd3d0c85e2,2026-07-13 01:06:13.254000,100,hard gate: eligible IT listing,unverified,METRO_VAN,
indeed,it,queued,Tax Reporting Administrator (18-Month Contract),Odlum Brown,"Vancouver, BC, CA",https://ca.indeed.com/viewjob?jk=19ba7cb9a827797f,2026-07-13 01:06:13.245000,100,hard gate: eligible IT listing,company_site,METRO_VAN,
indeed,it,queued,Senior Product Manager – Platform,Visier,"Vancouver, BC, CA",https://ca.indeed.com/viewjob?jk=5c5da1083b1fa96c,2026-07-13 01:06:13.240000,100,hard gate: eligible IT listing,company_site,METRO_VAN,
indeed,it,queued,"Manager, Mining",British Columbia Securities Commission,"Vancouver, BC, CA",https://ca.indeed.com/viewjob?jk=fa2fab6bb3f30597,2026-07-13 01:06:13.235000,100,hard gate: eligible IT listing,company_site,METRO_VAN,
indeed,it,queued,Senior Salesforce Administrator,Geotab,"Burnaby, BC, CA",https://ca.indeed.com/viewjob?jk=d8784ac5ee5c422a,2026-07-13 01:06:13.229000,100,hard gate: eligible IT listing,unverified,METRO_VAN,
indeed,it,queued,"District Vice Principal, Indigenous Education",SCHOOL DISTRICT #35 (LANGLEY),"Langley, BC, CA",https://ca.indeed.com/viewjob?jk=528dd29f9dc860f8,2026-07-13 01:06:13.223000,100,hard gate: eligible IT listing,unverified,METRO_VAN,
indeed,it,queued,"Manager, Administration - Property Management",FirstService Residential,"Vancouver, BC, CA",https://ca.indeed.com/viewjob?jk=6db0bd070954d005,2026-07-13 01:06:13.217000,100,hard gate: eligible IT listing,easy_apply,METRO_VAN,
indeed,it,queued,PIMS Site Administrator,Simon Fraser University Pacific Institute for the Mathematical Sciences,"Burnaby, BC, CA",https://ca.indeed.com/viewjob?jk=d9c673c8701ece3f,2026-07-13 01:06:13.211000,100,hard gate: eligible IT listing,easy_apply,METRO_VAN,
indeed,it,queued,Property Administrator,Red Door Management Corp,"Delta, BC, CA",https://ca.indeed.com/viewjob?jk=c5afde441e5bd43b,2026-07-13 01:06:13.207000,100,hard gate: eligible IT listing,easy_apply,METRO_VAN,
indeed,it,queued,Logistics & Accounting Administrator,Pacific Blends,"Port Coquitlam, BC, CA",https://ca.indeed.com/viewjob?jk=db83c54117a0a777,2026-07-13 01:06:13.200000,100,hard gate: eligible IT listing,easy_apply,METRO_VAN,
indeed,it,queued,HR Administrator,Pitt Meadows Plumbing & Mechanical Systems,"Maple Ridge, BC, CA",https://ca.indeed.com/viewjob?jk=d74257431ea63d9c,2026-07-13 01:06:13.195000,100,hard gate: eligible IT listing,easy_apply,METRO_VAN,
indeed,it,queued,Service Dispatch Team Leader,Reid Brothers Plumbing & Heating Ltd.,"Vancouver, BC, CA",https://ca.indeed.com/viewjob?jk=979e21bda0efaa69,2026-07-13 01:06:13.189000,100,hard gate: eligible IT listing,easy_apply,METRO_VAN,
indeed,it,queued,Human Resources Administrator,Lordco Auto Parts,"Port Coquitlam, BC, CA",https://ca.indeed.com/viewjob?jk=64a2484afef290e7,2026-07-13 01:06:13.185000,100,hard gate: eligible IT listing,easy_apply,METRO_VAN,
indeed,it,queued,Regional Store Administrator,Kal Tire,"Langley, BC, CA",https://ca.indeed.com/viewjob?jk=2d5c07e909db160a,2026-07-13 01:06:13.180000,100,hard gate: eligible IT listing,easy_apply,METRO_VAN,
indeed,it,queued,"Senior Transfers Administrator, Temporary",Aviso,"Vancouver, BC, CA",https://ca.indeed.com/viewjob?jk=dd4dc668dc520452,2026-07-13 01:06:13.172000,100,hard gate: eligible IT listing,easy_apply,METRO_VAN,
indeed,it,queued,Administrator,Lustrous aesthetic clinic,"North Vancouver, BC, CA",https://ca.indeed.com/viewjob?jk=45054ff5865bda79,2026-07-13 01:06:13.166000,100,hard gate: eligible IT listing,easy_apply,METRO_VAN,
indeed,it,queued,Senior Product Marketing Manager,Sage,"Vancouver, BC, CA",https://ca.indeed.com/viewjob?jk=9943ef5031650ce7,2026-07-13 01:06:13.161000,100,hard gate: eligible IT listing,unverified,METRO_VAN,
indeed,it,queued,Senior Procurement Specialist,Cytiva,"Vancouver, BC, CA",https://ca.indeed.com/viewjob?jk=142a745fa2a0837d,2026-07-13 01:06:13.157000,100,hard gate: eligible IT listing,unverified,METRO_VAN,
indeed,it,queued,Benefits Specialist,IREN,"Vancouver, BC, CA",https://ca.indeed.com/viewjob?jk=95b0425e93e0742f,2026-07-13 01:06:13.152000,100,hard gate: eligible IT listing,unverified,METRO_VAN,
indeed,it,queued,Affiliate Marketing Specialist,Best Buy,"Vancouver, BC, CA",https://ca.indeed.com/viewjob?jk=3cc6bb020582c4c2,2026-07-13 01:06:13.147000,100,hard gate: eligible IT listing,unverified,METRO_VAN,
indeed,it,queued,Plasma Physicist,General Fusion Inc,"Richmond, BC, CA",https://ca.indeed.com/viewjob?jk=c7d8747d2b83ee6f,2026-07-13 01:06:13.143000,100,hard gate: eligible IT listing,easy_apply,METRO_VAN,
indeed,it,queued,Digital Technology Specialist,BC Pavco,"Vancouver, BC, CA",https://ca.indeed.com/viewjob?jk=fda9c99dcb871264,2026-07-13 01:06:13.131000,100,hard gate: eligible IT listing,easy_apply,METRO_VAN,
indeed,it,queued,Warehouse/Reach Truck Operator - Union,CMP Group Ltd.,"Delta, BC, CA",https://ca.indeed.com/viewjob?jk=0a7e5ce89e8c1c94,2026-07-13 01:06:13.127000,100,hard gate: eligible IT listing,easy_apply,METRO_VAN,
indeed,it,queued,Head of Growth & AI Marketing Operations for Start Up,Tsb Communications,"Vancouver, BC, CA",https://ca.indeed.com/viewjob?jk=d7b5f5637cdac28c,2026-07-13 01:06:13.123000,100,hard gate: eligible IT listing,easy_apply,METRO_VAN,
indeed,it,queued,CRM & Web Specialist,Coast Hotels,"Vancouver, BC, CA",https://ca.indeed.com/viewjob?jk=47ca700457768a02,2026-07-13 01:06:13.119000,100,hard gate: eligible IT listing,easy_apply,METRO_VAN,
indeed,it,queued,"Experiential Learning Specialist, Future Science Leaders Year 1 Program",Science World,"Vancouver, BC, CA",https://ca.indeed.com/viewjob?jk=2c8815891a0682dc,2026-07-13 01:06:13.112000,100,hard gate: eligible IT listing,easy_apply,METRO_VAN,
indeed,it,queued,Procurement Specialist,VIVCO Inc.,"Richmond, BC, CA",https://ca.indeed.com/viewjob?jk=b937109eb1a98400,2026-07-13 01:06:13.106000,100,hard gate: eligible IT listing,easy_apply,METRO_VAN,
indeed,it,queued,"Coordinator, Strategic Negotiations",British Columbia Public School Employers' Association | Make a Future - Careers in BC Education,"Vancouver, BC, CA",https://ca.indeed.com/viewjob?jk=4d81d3602e52729a,2026-07-13 01:06:13.097000,100,hard gate: eligible IT listing,unverified,METRO_VAN,
indeed,it,queued,Patient Sales & Care Coordinator.,Next Health,"North Vancouver, BC, CA",https://ca.indeed.com/viewjob?jk=bff5b39ce5a2bc2b,2026-07-13 01:06:13.091000,100,hard gate: eligible IT listing,easy_apply,METRO_VAN,
indeed,it,queued,Junior Accountant - FTR,BC CENTRE FOR ABILITY,"Vancouver, BC, CA",https://ca.indeed.com/viewjob?jk=0d362b3847a04c0b,2026-07-13 01:06:13.086000,100,hard gate: eligible IT listing,easy_apply,METRO_VAN,
indeed,it,queued,Student Experience Coordinator,Excel Career College,"Surrey, BC, CA",https://ca.indeed.com/viewjob?jk=2ee5ad2d1ad4ac73,2026-07-13 01:06:13.079000,100,hard gate: eligible IT listing,easy_apply,METRO_VAN,
indeed,it,queued,Communications & Programs Coordinator,Metro Vancouver Regional Parks Foundation,"Burnaby, BC, CA",https://ca.indeed.com/viewjob?jk=cb821ed60bd8f205,2026-07-13 01:06:13.073000,100,hard gate: eligible IT listing,easy_apply,METRO_VAN,
indeed,it,queued,"Production Coordinator (Junior, Mid. Senior)",Stellar Creative Lab,"Vancouver, BC, CA",https://ca.indeed.com/viewjob?jk=7186aec7c9f4fa93,2026-07-13 01:06:13.064000,100,hard gate: eligible IT listing,easy_apply,METRO_VAN,
indeed,it,queued,Payroll Coordinator,SSA Marine,"North Vancouver, BC, CA",https://ca.indeed.com/viewjob?jk=508527f76c1d3c1a,2026-07-13 01:06:13.057000,100,hard gate: eligible IT listing,easy_apply,METRO_VAN,
indeed,it,queued,"Administrator, Training & Onboarding",Paladin Airport Security Services,"Richmond, BC, CA",https://ca.indeed.com/viewjob?jk=a1f9c3a59618cf1c,2026-07-13 01:06:13.051000,100,hard gate: eligible IT listing,easy_apply,METRO_VAN,
indeed,it,queued,"Supervisor, CT - Royal Columbian Hospital",Fraser Health,"New Westminster, BC, CA",https://ca.indeed.com/viewjob?jk=451899614bb52227,2026-07-13 01:06:13.045000,100,hard gate: eligible IT listing,easy_apply,METRO_VAN,
indeed,it,queued,Cloverdale CEFA Education Coordinator/ Manager,CEFA Early Years School,"Surrey, BC, CA",https://ca.indeed.com/viewjob?jk=d92190b51702e539,2026-07-13 01:06:13.038000,100,hard gate: eligible IT listing,easy_apply,METRO_VAN,
indeed,it,queued,Volunteer and Events Coordinator,ONE TO ONE Literacy,"Vancouver, BC, CA",https://ca.indeed.com/viewjob?jk=f2b29cda76f4e537,2026-07-13 01:06:13.033000,100,hard gate: eligible IT listing,easy_apply,METRO_VAN,
indeed,it,queued,Bilingual Home Caregiver - Korean Speaking,QUALICARE,"Burnaby, BC, CA",https://ca.indeed.com/viewjob?jk=3a7bf3238d36e6a2,2026-07-13 01:06:13.027000,100,hard gate: eligible IT listing,easy_apply,METRO_VAN,
indeed,it,queued,Senior Software Engineer (Python),Cover Genius,"Vancouver, BC, CA",https://ca.indeed.com/viewjob?jk=62543e2227c22ea9,2026-07-13 01:06:13.001000,100,hard gate: eligible IT listing,unverified,METRO_VAN,
indeed,it,queued,Pensions Administration Specialist,BCFSA,"Vancouver, BC, CA",https://ca.indeed.com/viewjob?jk=7bb1148b8441b313,2026-07-13 01:06:12.993000,100,hard gate: eligible IT listing,unverified,METRO_VAN,
indeed,it,queued,FP&A Int. Controls Co-op,Skeena Resources,"Vancouver, BC, CA",https://ca.indeed.com/viewjob?jk=cc33186c5de84aa3,2026-07-13 01:06:12.986000,100,hard gate: eligible IT listing,easy_apply,METRO_VAN,
indeed,it,queued,Acquisition Analyst,Marcon Construction,"Vancouver, BC, CA",https://ca.indeed.com/viewjob?jk=434e6159b342d022,2026-07-13 01:06:12.977000,100,hard gate: eligible IT listing,easy_apply,METRO_VAN,
indeed,it,queued,Backend Platform Engineer,"Wix.com, Inc.","Vancouver, BC, CA",https://ca.indeed.com/viewjob?jk=f76f9d311c9f3114,2026-07-13 01:06:12.971000,100,hard gate: eligible IT listing,easy_apply,METRO_VAN,
indeed,it,queued,AR & Invoicing Specialist,Kandor Management,"Burnaby, BC, CA",https://ca.indeed.com/viewjob?jk=6b41bd5ef0457f8a,2026-07-13 01:06:12.964000,100,hard gate: eligible IT listing,easy_apply,METRO_VAN,
indeed,it,queued,"Business Analyst and Project Support, PDHIS",Provincial Health Services Authority (PHSA),"Burnaby, BC, CA",https://ca.indeed.com/viewjob?jk=b7cfef0460bdb2c1,2026-07-13 01:06:12.955000,100,hard gate: eligible IT listing,unverified,METRO_VAN,
indeed,it,queued,Jr. Logistics Analyst (12 month Contract) Neu,MTU AERO ENGINES,"Delta, BC, CA",https://ca.indeed.com/viewjob?jk=01501bd888d4a73c,2026-07-13 01:06:12.943000,100,hard gate: eligible IT listing,unverified,METRO_VAN,
indeed,it,queued,Business Intelligence & Analytics Specialist,Nature's Path Foods,"Richmond, BC, CA",https://ca.indeed.com/viewjob?jk=d77b801e93daf614,2026-07-13 01:06:12.935000,100,hard gate: eligible IT listing,easy_apply,METRO_VAN,
indeed,it,queued,"Director, Global Sourcing",Article,"Vancouver, BC, CA",https://ca.indeed.com/viewjob?jk=4bf50620082b7c18,2026-07-13 01:06:12.927000,100,hard gate: eligible IT listing,company_site,METRO_VAN,
indeed,it,queued,"Beauty Specialist, Hourly Part Time Day",Shoppers Drug Mart,"Vancouver, BC, CA",https://ca.indeed.com/viewjob?jk=b4c093ccec0550f4,2026-07-13 01:06:12.918000,100,hard gate: eligible IT listing,unverified,METRO_VAN,
indeed,it,queued,"Beauty Specialist, Hourly Part Time Day",Shoppers Drug Mart,"Vancouver, BC, CA",https://ca.indeed.com/viewjob?jk=1c027ba630ee0112,2026-07-13 01:06:12.907000,100,hard gate: eligible IT listing,unverified,METRO_VAN,
indeed,it,queued,Senior Emergency Planning Specialist (Training and Exercises),Vancouver Airport Authority,"Vancouver, BC, CA",https://ca.indeed.com/viewjob?jk=7b12f901c64f99c7,2026-07-13 01:06:12.899000,100,hard gate: eligible IT listing,unverified,METRO_VAN,
indeed,it,queued,Member Services Representative (Part-Time) HHQ Surrey,Coast Capital Savings,"Surrey, BC, CA",https://ca.indeed.com/viewjob?jk=89292f7be9cacb96,2026-07-13 01:06:12.890000,100,hard gate: eligible IT listing,unverified,METRO_VAN,
indeed,it,queued,"Specialist or Senior Specialist, Surety",Intact,"Vancouver, BC, CA",https://ca.indeed.com/viewjob?jk=1d06ae17ed288a90,2026-07-13 01:06:12.882000,100,hard gate: eligible IT listing,unverified,METRO_VAN,
indeed,it,queued,"Beauty Specialist, Hourly Part Time Flexible Shifts",Shoppers Drug Mart,"New Westminster, BC, CA",https://ca.indeed.com/viewjob?jk=63c22780e86e81e2,2026-07-13 01:06:12.874000,100,hard gate: eligible IT listing,unverified,METRO_VAN,
indeed,it,queued,"Beauty Specialist, Hourly Part Time Day",Shoppers Drug Mart,"New Westminster, BC, CA",https://ca.indeed.com/viewjob?jk=26255d77db7e0068,2026-07-13 01:06:12.868000,100,hard gate: eligible IT listing,unverified,METRO_VAN,
indeed,it,queued,"Insurance Advisor Life, Health & Wealth",RBC,"Vancouver, BC, CA",https://ca.indeed.com/viewjob?jk=cc766362e49e52ee,2026-07-13 01:06:12.858000,100,hard gate: eligible IT listing,unverified,METRO_VAN,
indeed,it,queued,"Beauty Specialist, Hourly Part Time Flexible Shifts",Shoppers Drug Mart,"Vancouver, BC, CA",https://ca.indeed.com/viewjob?jk=b6440a0139aef0b9,2026-07-13 01:06:12.852000,100,hard gate: eligible IT listing,unverified,METRO_VAN,
indeed,it,queued,"Beauty Specialist, Hourly Union Part Time Flexible Shifts",Shoppers Drug Mart,"New Westminster, BC, CA",https://ca.indeed.com/viewjob?jk=79c412569210ee54,2026-07-13 01:06:12.845000,100,hard gate: eligible IT listing,unverified,METRO_VAN,
indeed,it,queued,"Beauty Specialist, Hourly Part Time Day",Shoppers Drug Mart,"Burnaby, BC, CA",https://ca.indeed.com/viewjob?jk=6b3ac3d4282d51b8,2026-07-13 01:06:12.839000,100,hard gate: eligible IT listing,unverified,METRO_VAN,
indeed,it,queued,"Beauty Specialist, Hourly Part Time Flexible Shifts",Shoppers Drug Mart,"Burnaby, BC, CA",https://ca.indeed.com/viewjob?jk=808f12a740d91a6a,2026-07-13 01:06:12.832000,100,hard gate: eligible IT listing,unverified,METRO_VAN,
indeed,it,queued,"Beauty Specialist, Hourly Part Time Day",Shoppers Drug Mart,"Delta, BC, CA",https://ca.indeed.com/viewjob?jk=db0c414618c2d06a,2026-07-13 01:06:12.827000,100,hard gate: eligible IT listing,unverified,METRO_VAN,
indeed,it,queued,"Beauty Specialist, Hourly Part Time Day",Shoppers Drug Mart,"Port Moody, BC, CA",https://ca.indeed.com/viewjob?jk=c28aeb36d996d608,2026-07-13 01:06:12.822000,100,hard gate: eligible IT listing,unverified,METRO_VAN,
indeed,it,queued,Pro Paint Sales Specialist: Full Time - COQUITLAM,Home Depot Canada,"Coquitlam, BC, CA",https://ca.indeed.com/viewjob?jk=a0b0a7c1277475f4,2026-07-13 01:06:12.815000,100,hard gate: eligible IT listing,unverified,METRO_VAN,
indeed,it,queued,"Sr. Product Specialist, Remedies & Personal Care",Saje Natural Wellness,"Vancouver, BC, CA",https://ca.indeed.com/viewjob?jk=a6e7d0cb66632130,2026-07-13 01:06:12.807000,100,hard gate: eligible IT listing,easy_apply,METRO_VAN,
indeed,it,queued,ILS Specialist I,Seaspan ULC,"North Vancouver, BC, CA",https://ca.indeed.com/viewjob?jk=b855ad9cee5c84c1,2026-07-13 01:06:12.800000,100,hard gate: eligible IT listing,easy_apply,METRO_VAN,
indeed,it,queued,Procurement Specialist,Sunrise Farms,"Surrey, BC, CA",https://ca.indeed.com/viewjob?jk=21287fefee5a8582,2026-07-13 01:06:12.794000,100,hard gate: eligible IT listing,easy_apply,METRO_VAN,
indeed,it,queued,Sales and Training Specialist - CAN,Mosaic North America,"Vancouver, BC, CA",https://ca.indeed.com/viewjob?jk=8ef2d830c7ddb44c,2026-07-13 01:06:12.787000,100,hard gate: eligible IT listing,easy_apply,METRO_VAN,
indeed,it,queued,Materials Planning Specialist,Industrial Electric Manufacturing,"Surrey, BC, CA",https://ca.indeed.com/viewjob?jk=fd770d203f7154f4,2026-07-13 01:06:12.779000,100,hard gate: eligible IT listing,easy_apply,METRO_VAN,
indeed,it,queued,Senior QA Specialist,DelGate Logistics Ltd.,"Vancouver, BC, CA",https://ca.indeed.com/viewjob?jk=84021553ff92b454,2026-07-13 01:06:12.772000,100,hard gate: eligible IT listing,easy_apply,METRO_VAN,
indeed,it,queued,Camera Retail Specialist,Broadway Camera Ltd,"Richmond, BC, CA",https://ca.indeed.com/viewjob?jk=7d45d6fbaeb8a47e,2026-07-13 01:06:12.765000,100,hard gate: eligible IT listing,easy_apply,METRO_VAN,
indeed,it,queued,Health & Safety Specialist,Flynn Group of Companies,"Vancouver, BC, CA",https://ca.indeed.com/viewjob?jk=81b215551d4e660e,2026-07-13 01:06:12.758000,100,hard gate: eligible IT listing,easy_apply,METRO_VAN,
indeed,it,queued,Quality Control Specialist,Response Biomedical,"Vancouver, BC, CA",https://ca.indeed.com/viewjob?jk=c3d39e701c2852b5,2026-07-13 01:06:12.751000,100,hard gate: eligible IT listing,easy_apply,METRO_VAN,
indeed,it,queued,"Virtual Member Experience Specialist, Member Service Centre (Hybrid)",Prospera Credit Union,"Surrey, BC, CA",https://ca.indeed.com/viewjob?jk=9d259d139b8e802a,2026-07-13 01:06:12.745000,100,hard gate: eligible IT listing,easy_apply,METRO_VAN,
indeed,it,queued,Production Assembler - Evening Shift,NEW-LINE HOSE & FITTINGS,"Surrey, BC, CA",https://ca.indeed.com/viewjob?jk=85106bbc17f536af,2026-07-13 01:06:12.734000,100,hard gate: eligible IT listing,easy_apply,METRO_VAN,
indeed,it,queued,Digital Commerce Specialist,Stonz Wear,"Vancouver, BC, CA",https://ca.indeed.com/viewjob?jk=438b6330c8bbe038,2026-07-13 01:06:12.727000,100,hard gate: eligible IT listing,easy_apply,METRO_VAN,
indeed,it,queued,Procurement Specialist,VIVCO Inc.,"Richmond, BC, CA",https://ca.indeed.com/viewjob?jk=1b0dee45925f6a12,2026-07-13 01:06:12.720000,100,hard gate: eligible IT listing,easy_apply,METRO_VAN,
indeed,it,queued,"Analyst, Health & Benefits Consulting",HUB International,"Vancouver, BC, CA",https://ca.indeed.com/viewjob?jk=0bf554e89770284a,2026-07-13 01:06:12.709000,100,hard gate: eligible IT listing,unverified,METRO_VAN,
indeed,it,queued,"Mailroom & Imaging Administrator, Temporary",Aviso,"Vancouver, BC, CA",https://ca.indeed.com/viewjob?jk=e67a769518a3995b,2026-07-13 01:06:12.702000,100,hard gate: eligible IT listing,company_site,METRO_VAN,
indeed,it,queued,"Sr Financial Analyst, Strategic Finance",Peoples Group,"Vancouver, BC, CA",https://ca.indeed.com/viewjob?jk=807bba44a679ffa7,2026-07-13 01:06:12.694000,100,hard gate: eligible IT listing,unverified,METRO_VAN,
indeed,it,queued,Entry Level Finance Analyst - Western Canada District 2026,Kiewit Corporation,"Burnaby, BC, CA",https://ca.indeed.com/viewjob?jk=9b23fba994209bc2,2026-07-13 01:06:12.685000,100,hard gate: eligible IT listing,unverified,METRO_VAN,
indeed,it,queued,AML Risk Analyst,Peoples Group,"Vancouver, BC, CA",https://ca.indeed.com/viewjob?jk=c01f4b841569f35e,2026-07-13 01:06:12.677000,100,hard gate: eligible IT listing,unverified,METRO_VAN,
indeed,it,queued,Customs Import Analyst/Rater,WILLSON INTERNATIONAL LIMITED,"Richmond, BC, CA",https://ca.indeed.com/viewjob?jk=89ba1b28eb802e66,2026-07-13 01:06:12.670000,100,hard gate: eligible IT listing,easy_apply,METRO_VAN,
indeed,it,queued,Custom Import Analyst/Rater - Afternoon Shift,WILLSON INTERNATIONAL LIMITED,"Richmond, BC, CA",https://ca.indeed.com/viewjob?jk=d57683f48bf16441,2026-07-13 01:06:12.663000,100,hard gate: eligible IT listing,easy_apply,METRO_VAN,
indeed,it,queued,Custom Import Analyst/Rater - Afternoon Shift,WILLSON INTERNATIONAL LIMITED,"Richmond, BC, CA",https://ca.indeed.com/viewjob?jk=86cb7abce9064afc,2026-07-13 01:06:12.657000,100,hard gate: eligible IT listing,easy_apply,METRO_VAN,
indeed,it,queued,Investment Advisor Assistant,HAYWOOD SECURITIES,"Vancouver, BC, CA",https://ca.indeed.com/viewjob?jk=04e0b1ce8f55206a,2026-07-13 01:06:12.652000,100,hard gate: eligible IT listing,easy_apply,METRO_VAN,
indeed,it,queued,"Financial Planner, Scotia Financial Planning- South Surrey/White Rock 1",Scotiabank,"Coquitlam, BC, CA",https://ca.indeed.com/viewjob?jk=635c1efb41a72612,2026-07-13 01:06:12.647000,100,hard gate: eligible IT listing,unverified,METRO_VAN,
indeed,it,queued,"Financial Planner, Scotia Financial Planning - Surrey, Fleetwood",Scotiabank,"Surrey, BC, CA",https://ca.indeed.com/viewjob?jk=c3575450603492e1,2026-07-13 01:06:12.633000,100,hard gate: eligible IT listing,unverified,METRO_VAN,
indeed,it,queued,Financial Consultant- Vancouver or Victoria,Scotiabank,"Vancouver, BC, CA",https://ca.indeed.com/viewjob?jk=3a76b10a7042c26b,2026-07-13 01:06:12.624000,100,hard gate: eligible IT listing,unverified,METRO_VAN,
indeed,it,queued,Regional Administrative Specialist,Scotiabank,"Vancouver, BC, CA",https://ca.indeed.com/viewjob?jk=6bc6fc584d0a50af,2026-07-13 01:06:12.618000,100,hard gate: eligible IT listing,unverified,METRO_VAN,
indeed,it,queued,ScotiaMcLeod Administrative Associate - West Vancouver,Scotiabank,"West Vancouver, BC, CA",https://ca.indeed.com/viewjob?jk=b3203f4897b8e63b,2026-07-13 01:06:12.610000,100,hard gate: eligible IT listing,unverified,METRO_VAN,
indeed,it,queued,"Financial Planner, Scotia Financial Planning - Surrey, Strawberry Hill",Scotiabank,"Surrey, BC, CA",https://ca.indeed.com/viewjob?jk=00f55c8f72adc6f9,2026-07-13 01:06:12.601000,100,hard gate: eligible IT listing,unverified,METRO_VAN,
indeed,it,queued,"Financial Planner, Scotia Financial Planning- South Surrey/White Rock 1 1",Scotiabank,"Surrey, BC, CA",https://ca.indeed.com/viewjob?jk=3b0f8ae3beece3b3,2026-07-13 01:06:12.590000,100,hard gate: eligible IT listing,unverified,METRO_VAN,
indeed,it,queued,"Financial Planner, Scotia Financial Planning- South Surrey/White Rock",Scotiabank,"White Rock, BC, CA",https://ca.indeed.com/viewjob?jk=c0fa654fac21e6cd,2026-07-13 01:06:12.581000,100,hard gate: eligible IT listing,unverified,METRO_VAN,
indeed,it,queued,Personal Banking Associate,BMO Financial Group,"Vancouver, BC, CA",https://ca.indeed.com/viewjob?jk=c25029adc2dde55c,2026-07-13 01:06:12.571000,100,hard gate: eligible IT listing,company_site,METRO_VAN,
indeed,it,queued,Personal Banking Associate,BMO Financial Group,"Vancouver, BC, CA",https://ca.indeed.com/viewjob?jk=31c73f30079d8e76,2026-07-13 01:06:12.491000,100,hard gate: eligible IT listing,company_site,METRO_VAN,
indeed,it,queued,Community Mental Health Worker - Hoarding Specialist,Coast Mental Health,"Vancouver, BC, CA",https://ca.indeed.com/viewjob?jk=2b6df6c074f369c6,2026-07-13 01:06:12.485000,100,hard gate: eligible IT listing,unverified,METRO_VAN,
indeed,it,queued,Oval Customer Service Attendant,Richmond Olympic Oval,"Richmond, BC, CA",https://ca.indeed.com/viewjob?jk=7a815454796a1e9a,2026-07-13 01:06:12.471000,100,hard gate: eligible IT listing,unverified,METRO_VAN,
indeed,it,queued,Personal Banking Associate,BMO Financial Group,"Surrey, BC, CA",https://ca.indeed.com/viewjob?jk=11e5df1ea9bf70cd,2026-07-13 01:06:12.466000,100,hard gate: eligible IT listing,company_site,METRO_VAN,
indeed,it,queued,Personal Banking Associate,BMO Financial Group,"Burnaby, BC, CA",https://ca.indeed.com/viewjob?jk=0ecfab8cd92669f9,2026-07-13 01:06:12.461000,100,hard gate: eligible IT listing,company_site,METRO_VAN,
indeed,it,queued,Personal Banking Associate,BMO Financial Group,"Delta, BC, CA",https://ca.indeed.com/viewjob?jk=ec84f873f6081964,2026-07-13 01:06:12.456000,100,hard gate: eligible IT listing,company_site,METRO_VAN,
indeed,it,queued,"Senior Manager, Customer Experience, Dr.Bill, RBCx",RBC,"Vancouver, BC, CA",https://ca.indeed.com/viewjob?jk=92c654ccd284f51e,2026-07-13 01:06:12.447000,100,hard gate: eligible IT listing,unverified,METRO_VAN,
indeed,it,queued,Banking Advisor,RBC,"Burnaby, BC, CA",https://ca.indeed.com/viewjob?jk=98c903f97634651a,2026-07-13 01:06:12.443000,100,hard gate: eligible IT listing,unverified,METRO_VAN,
indeed,it,queued,Client Advisor,RBC,"Burnaby, BC, CA",https://ca.indeed.com/viewjob?jk=364bcb06afbf886b,2026-07-13 01:06:12.439000,100,hard gate: eligible IT listing,unverified,METRO_VAN,
indeed,it,queued,Business Banking Officer,Coast Capital Savings,"Pitt Meadows, BC, CA",https://ca.indeed.com/viewjob?jk=7eec4add9004b7ea,2026-07-13 01:06:12.410000,100,hard gate: eligible IT listing,unverified,METRO_VAN,
indeed,it,queued,Client Care (Reception) - Kitsilano Animal Clinic,VetCare Canada,"Vancouver, BC, CA",https://ca.indeed.com/viewjob?jk=f7a7c8ab681d8961,2026-07-13 01:06:12.405000,100,hard gate: eligible IT listing,company_site,METRO_VAN,
indeed,it,queued,"Advisor, Recruitment Services",Provincial Health Services Authority (PHSA),"Vancouver, BC, CA",https://ca.indeed.com/viewjob?jk=3fb364de4382a9b3,2026-07-13 01:06:12.400000,100,hard gate: eligible IT listing,unverified,METRO_VAN,
indeed,it,queued,Client Advisor,RBC,"Maple Ridge, BC, CA",https://ca.indeed.com/viewjob?jk=b0ae179445f87209,2026-07-13 01:06:12.372000,100,hard gate: eligible IT listing,unverified,METRO_VAN,
indeed,it,queued,Credit Specialist,RBC,"Vancouver, BC, CA",https://ca.indeed.com/viewjob?jk=952994904f7e3ff6,2026-07-13 01:06:12.367000,100,hard gate: eligible IT listing,unverified,METRO_VAN,
indeed,it,queued,OCCUPATIONAL THERAPIST (OT),Coova Health,"Burnaby, BC, CA",https://ca.indeed.com/viewjob?jk=d3034952f4a0e33c,2026-07-13 01:06:12.361000,100,hard gate: eligible IT listing,easy_apply,METRO_VAN,
indeed,it,queued,Dietician,Coova Health,"Lower Mainland, BC, CA",https://ca.indeed.com/viewjob?jk=bffc1379de4de91d,2026-07-13 01:06:12.333000,100,hard gate: eligible IT listing,easy_apply,METRO_VAN,
indeed,it,queued,Speech and Language Therapist,Coova Health,"Lower Mainland, BC, CA",https://ca.indeed.com/viewjob?jk=416e9e5c603f92ba,2026-07-13 01:06:12.319000,100,hard gate: eligible IT listing,easy_apply,METRO_VAN,
indeed,it,queued,Veterinary Assistant,Burquitlam Animal Hospital,"Coquitlam, BC, CA",https://ca.indeed.com/viewjob?jk=c3cdc0995007a673,2026-07-13 01:06:12.303000,100,hard gate: eligible IT listing,easy_apply,METRO_VAN,
indeed,it,queued,Client Service Coordinator,Coronation Recognition,"Richmond, BC, CA",https://ca.indeed.com/viewjob?jk=f094dcd2562555f1,2026-07-13 01:06:12.299000,100,hard gate: eligible IT listing,easy_apply,METRO_VAN,
indeed,it,queued,"Transcription Services - Transcription Services Specialist, Court Services",Veritext,"Vancouver, BC, CA",https://ca.indeed.com/viewjob?jk=7e34057174793d1c,2026-07-13 01:06:12.290000,100,hard gate: eligible IT listing,easy_apply,METRO_VAN,
indeed,it,queued,Registered Respiratory Therapist - CPAP/BiPAP,Maple Respiratory Group Inc.,"Surrey, BC, CA",https://ca.indeed.com/viewjob?jk=1a2805ea668396c5,2026-07-13 01:06:12.286000,100,hard gate: eligible IT listing,easy_apply,METRO_VAN,
indeed,it,queued,Community Engagement Facilitator– Applicant Support (Maternity Leave Coverage),EducationPlannerBC,"Vancouver, BC, CA",https://ca.indeed.com/viewjob?jk=fb5ffbae31494f67,2026-07-13 01:06:12.260000,100,hard gate: eligible IT listing,easy_apply,METRO_VAN,
indeed,it,queued,Employment Specialist,Open Door Group,"Vancouver, BC, CA",https://ca.indeed.com/viewjob?jk=06ba7f7df5ab6864,2026-07-13 01:06:12.254000,100,hard gate: eligible IT listing,easy_apply,METRO_VAN,
indeed,it,queued,Senior Project Delivery Manager - OptymEdge,"The Emmes Company, LLC","Vancouver, BC, CA",https://ca.indeed.com/viewjob?jk=0cb414ef6f41b84f,2026-07-13 01:06:12.248000,100,hard gate: eligible IT listing,easy_apply,METRO_VAN,
indeed,it,queued,Account Development Specialist,NAPA Auto Parts,"Langley, BC, CA",https://ca.indeed.com/viewjob?jk=21f55279388fb09e,2026-07-13 01:06:12.217000,100,hard gate: eligible IT listing,easy_apply,METRO_VAN,
indeed,it,queued,Advanced Vision Care Technician - Dry Eye Care - Fixed-Term Role,FYidoctors,"Surrey, BC, CA",https://ca.indeed.com/viewjob?jk=22ac7576902e1472,2026-07-13 01:06:12.212000,100,hard gate: eligible IT listing,unverified,METRO_VAN,
indeed,it,queued,Service Advisor - Maple Ridge Chevrolet Buick GMC,AutoCanada,"Maple Ridge, BC, CA",https://ca.indeed.com/viewjob?jk=157f6b4da3d7ce28,2026-07-13 01:06:12.207000,100,hard gate: eligible IT listing,company_site,METRO_VAN,
indeed,it,queued,Associate Veterinarian,Seafair Animal Clinic,"Richmond, BC, CA",https://ca.indeed.com/viewjob?jk=dedc08653c4ea7f6,2026-07-13 01:06:12.180000,100,hard gate: eligible IT listing,unverified,METRO_VAN,
indeed,it,queued,Veterinary Assistant/Technician - Urgent Care Team,Norgate Animal Hospital,"North Vancouver, BC, CA",https://ca.indeed.com/viewjob?jk=52c14f53b225c257,2026-07-13 01:06:12.175000,100,hard gate: eligible IT listing,unverified,METRO_VAN,
indeed,it,queued,Pharmacy Assistant - CPS,Shoppers Drug Mart,"Burnaby, BC, CA",https://ca.indeed.com/viewjob?jk=4b7f0751b8a57253,2026-07-13 01:06:12.168000,100,hard gate: eligible IT listing,unverified,METRO_VAN,
indeed,it,queued,"Procurement, Inventory and Warehouse Administrator",SSRG Scarlet Security & Risk Group,"Burnaby, BC, CA",https://ca.indeed.com/viewjob?jk=2266c8f8822b7332,2026-07-13 01:06:12.161000,100,hard gate: eligible IT listing,easy_apply,METRO_VAN,
indeed,it,queued,Installation & Service Coordinator: Temporary Full-Time Contract,COVERT SECURITY AND SMART HOME AUTOMATION INC.,"Burnaby, BC, CA",https://ca.indeed.com/viewjob?jk=c253ec8c4e5cfbe1,2026-07-13 01:06:12.132000,100,hard gate: eligible IT listing,easy_apply,METRO_VAN,
indeed,it,queued,PAUT / TOFD Technician – British Columbia,WQS Non-Destructive Testing,"Burnaby, BC, CA",https://ca.indeed.com/viewjob?jk=a412450092ef7d45,2026-07-13 01:06:12.124000,100,hard gate: eligible IT listing,easy_apply,METRO_VAN,
indeed,it,queued,NDE Technician – British Columbia,WQS Non-Destructive Testing,"Burnaby, BC, CA",https://ca.indeed.com/viewjob?jk=2bca32a4381a97de,2026-07-13 01:06:12.097000,100,hard gate: eligible IT listing,easy_apply,METRO_VAN,
indeed,it,queued,Service Advisor/Technician (Hybrid Role),Minit-Tune & Brake,"Vancouver, BC, CA",https://ca.indeed.com/viewjob?jk=df35f1966834c8be,2026-07-13 01:06:12.091000,100,hard gate: eligible IT listing,easy_apply,METRO_VAN,
indeed,it,queued,Hardware Lead,Reusables.com,"Vancouver, BC, CA",https://ca.indeed.com/viewjob?jk=fcb6f8f5fb28dd31,2026-07-13 01:06:12.084000,100,hard gate: eligible IT listing,company_site,METRO_VAN,
indeed,it,queued,Field Service Technician III,EnerSys,"Burnaby, BC, CA",https://ca.indeed.com/viewjob?jk=7458905fc6df03f2,2026-07-13 01:06:12.074000,100,hard gate: eligible IT listing,unverified,METRO_VAN,
indeed,it,queued,Heavy Equipment Field Service Technician,Kaeser Compresseurs Canada,"Surrey, BC, CA",https://ca.indeed.com/viewjob?jk=cbb495a4053a3811,2026-07-13 01:06:12.066000,100,hard gate: eligible IT listing,easy_apply,METRO_VAN,
indeed,it,queued,Electronic Security Technician,Gunnebo,"Burnaby, BC, CA",https://ca.indeed.com/viewjob?jk=8e0aa2517c9fb2d3,2026-07-13 01:06:12.060000,100,hard gate: eligible IT listing,unverified,METRO_VAN,
indeed,it,queued,Development Manager - EA Sports Tech,Electronic Arts,"Vancouver, BC, CA",https://ca.indeed.com/viewjob?jk=9dd664762610732f,2026-07-13 01:06:12.055000,100,hard gate: eligible IT listing,unverified,METRO_VAN,
indeed,it,queued,"Senior Software Engineer, Original Game (Unreal Engine 5)",Blackbird Interactive,"Vancouver, BC, CA",https://ca.indeed.com/viewjob?jk=286b1b017a3a9916,2026-07-13 01:06:12.044000,100,hard gate: eligible IT listing,company_site,METRO_VAN,
indeed,it,queued,"Senior Engineer, Hydrology and Hydraulic – Dams and Hydropower","McMillen, Inc.","Vancouver, BC, CA",https://ca.indeed.com/viewjob?jk=e95b3de6ad68ea7e,2026-07-13 01:06:12.011000,100,hard gate: eligible IT listing,easy_apply,METRO_VAN,
indeed,it,queued,Senior Structural Engineer - Dams and Hydropower,"McMillen, Inc.","Vancouver, BC, CA",https://ca.indeed.com/viewjob?jk=529fa3c5ac517d75,2026-07-13 01:06:12.003000,100,hard gate: eligible IT listing,easy_apply,METRO_VAN,
indeed,it,queued,"Manager, Software Engineering, Fintech New Bets",JOBBER,"Vancouver, BC, CA",https://ca.indeed.com/viewjob?jk=db69fdd607d1bab8,2026-07-13 01:06:11.995000,100,hard gate: eligible IT listing,company_site,METRO_VAN,
indeed,it,queued,Development Manager,Electronic Arts,"Vancouver, BC, CA",https://ca.indeed.com/viewjob?jk=38b9ec6f906e8c2b,2026-07-13 01:06:11.959000,100,hard gate: eligible IT listing,unverified,METRO_VAN,
indeed,it,queued,Intermediate Electrical Engineer,Worley,"Vancouver, BC, CA",https://ca.indeed.com/viewjob?jk=88e9f18994733a4b,2026-07-13 01:06:11.955000,100,hard gate: eligible IT listing,unverified,METRO_VAN,
indeed,it,queued,"Senior Software Engineer, Backend (Lake Analytics Platform)",Affirm,"Vancouver, BC, CA",https://ca.indeed.com/viewjob?jk=3f51c2728fd6eb10,2026-07-13 01:06:11.950000,100,hard gate: eligible IT listing,unverified,METRO_VAN,
indeed,it,queued,Senior R&D Engineer,"PDF Solutions, Inc","Vancouver, BC, CA",https://ca.indeed.com/viewjob?jk=0f86d2bc24a90e36,2026-07-13 01:06:11.945000,100,hard gate: eligible IT listing,easy_apply,METRO_VAN,
indeed,it,queued,Continuous Improvement Engineer,Wonderbrands,"Langley, BC, CA",https://ca.indeed.com/viewjob?jk=ef65b258c87157a6,2026-07-13 01:06:11.938000,100,hard gate: eligible IT listing,easy_apply,METRO_VAN,
indeed,it,queued,Senior Product Manager,Varicent,"Vancouver, BC, CA",https://ca.indeed.com/viewjob?jk=263477eaf2f62a51,2026-07-13 01:06:11.933000,100,hard gate: eligible IT listing,easy_apply,METRO_VAN,
indeed,it,queued,Senior Game Product Manager - EA SPORTS™ FC,Electronic Arts,"Vancouver, BC, CA",https://ca.indeed.com/viewjob?jk=747cace11769386c,2026-07-13 01:06:11.906000,100,hard gate: eligible IT listing,unverified,METRO_VAN,
indeed,it,queued,"Analyst, Control Substances Inventory",Shoppers Drug Mart,"Burnaby, BC, CA",https://ca.indeed.com/viewjob?jk=f1cea4204ee19efb,2026-07-13 01:06:11.900000,100,hard gate: eligible IT listing,unverified,METRO_VAN,
indeed,it,queued,Production Data Analyst for Feature Animation - ILM Vancouver,Lucasfilm,"Vancouver, BC, CA",https://ca.indeed.com/viewjob?jk=caa6f5370d1be001,2026-07-13 01:06:11.894000,100,hard gate: eligible IT listing,unverified,METRO_VAN,
indeed,it,queued,SALES CONSULTANT,Tamlin Homes,"Coquitlam, BC, CA",https://ca.indeed.com/viewjob?jk=460d81ff3502eaa0,2026-07-13 01:06:11.871000,100,hard gate: eligible IT listing,unverified,METRO_VAN,
indeed,it,queued,Diagnostic Sales Manager,Antech Diagnostics,"Vancouver, BC, CA",https://ca.indeed.com/viewjob?jk=fc044e82e68003f9,2026-07-13 01:06:11.841000,100,hard gate: eligible IT listing,unverified,METRO_VAN,
indeed,it,queued,"Account Manager (Vancouver, BC)",Envista Holdings,"Vancouver, BC, CA",https://ca.indeed.com/viewjob?jk=f1e297394a4d7c78,2026-07-13 01:06:11.835000,100,hard gate: eligible IT listing,unverified,METRO_VAN,
indeed,it,queued,Sales Development Representative – Lead Generation,XENAI,"Vancouver, BC, CA",https://ca.indeed.com/viewjob?jk=4a4c1a0919ba546d,2026-07-13 01:06:11.822000,100,hard gate: eligible IT listing,easy_apply,METRO_VAN,
indeed,it,queued,Customer Success Manager,Candrone,"Burnaby, BC, CA",https://ca.indeed.com/viewjob?jk=3e05048b8a362393,2026-07-13 01:06:11.747000,100,hard gate: eligible IT listing,easy_apply,METRO_VAN,
indeed,it,queued,Junior/Quality Inspector,HPX Industrial,"Coquitlam, BC, CA",https://ca.indeed.com/viewjob?jk=97e799588d6e2906,2026-07-13 01:06:11.735000,100,hard gate: eligible IT listing,easy_apply,METRO_VAN,
indeed,it,queued,Regional Partner Sales Manager – Pacific Northwest (PNW),Quilt,"Vancouver, BC, CA",https://ca.indeed.com/viewjob?jk=3c3f698085f2a693,2026-07-13 01:06:11.730000,100,hard gate: eligible IT listing,easy_apply,METRO_VAN,
indeed,it,queued,Senior Technical Animator,Electronic Arts,"Vancouver, BC, CA",https://ca.indeed.com/viewjob?jk=7a75d44964e9882c,2026-07-13 01:06:11.723000,100,hard gate: eligible IT listing,unverified,METRO_VAN,
indeed,it,queued,Project Manager - Excavation & Shoring,Hall Group of Companies,"Langley, BC, CA",https://ca.indeed.com/viewjob?jk=a1cae2ad0a763095,2026-07-13 01:06:11.718000,100,hard gate: eligible IT listing,company_site,METRO_VAN,
indeed,it,queued,"Senior SDE, Amazon Tax",Amazon.com,"Vancouver, BC, CA",https://ca.indeed.com/viewjob?jk=89b7ed3268e3fc9c,2026-07-13 01:06:11.713000,100,hard gate: eligible IT listing,unverified,METRO_VAN,
indeed,it,queued,"Software Development Engineer , Amazon Customer Service",Amazon.com,"Vancouver, BC, CA",https://ca.indeed.com/viewjob?jk=d75ef9733bcb4076,2026-07-13 01:06:11.707000,100,hard gate: eligible IT listing,unverified,METRO_VAN,
indeed,it,queued,Project Coordinator - Expression of Interest,Strata Engineering,"Burnaby, BC, CA",https://ca.indeed.com/viewjob?jk=4a429d1331e1a90d,2026-07-13 01:06:11.703000,100,hard gate: eligible IT listing,unverified,METRO_VAN,
indeed,it,queued,Project Manager - Expression of Interest,Strata Engineering,"Burnaby, BC, CA",https://ca.indeed.com/viewjob?jk=6c45e1c84c2cbcad,2026-07-13 01:06:11.697000,100,hard gate: eligible IT listing,unverified,METRO_VAN,
indeed,it,queued,Engineering Team Lead - North Coast Transmission Line,BC Hydro,"Burnaby, BC, CA",https://ca.indeed.com/viewjob?jk=5607389964e4b8f0,2026-07-13 01:06:11.690000,100,hard gate: eligible IT listing,unverified,METRO_VAN,
indeed,it,queued,Instrumentation & Controls Engineer,Worley,"Vancouver, BC, CA",https://ca.indeed.com/viewjob?jk=4e98910392a90bc1,2026-07-13 01:06:11.684000,100,hard gate: eligible IT listing,unverified,METRO_VAN,
indeed,it,queued,Business Intelligence Manager - Cruise,Expedia Group,"Vancouver, BC, CA",https://ca.indeed.com/viewjob?jk=288c5793e6edd1d0,2026-07-13 01:06:11.678000,100,hard gate: eligible IT listing,company_site,METRO_VAN,
indeed,it,queued,"Intermediate Environmental Professional, Brownfield",McElhanney,"Surrey, BC, CA",https://ca.indeed.com/viewjob?jk=03d8487f509b2153,2026-07-13 01:06:11.672000,100,hard gate: eligible IT listing,company_site,METRO_VAN,
indeed,it,queued,"Intermediate Environmental Professional, Brownfield",McElhanney,"Langley, BC, CA",https://ca.indeed.com/viewjob?jk=454f51b441108295,2026-07-13 01:06:11.667000,100,hard gate: eligible IT listing,company_site,METRO_VAN,
indeed,it,queued,"Intermediate Environmental Professional, Brownfield",McElhanney,"Vancouver, BC, CA",https://ca.indeed.com/viewjob?jk=d03b5fccb459fa28,2026-07-13 01:06:11.659000,100,hard gate: eligible IT listing,company_site,METRO_VAN,
indeed,it,queued,"Business Development Representative (Engineering) - Vancouver, BC",Victaulic,"Surrey, BC, CA",https://ca.indeed.com/viewjob?jk=42b1b4de5709a6a8,2026-07-13 01:06:11.654000,100,hard gate: eligible IT listing,company_site,METRO_VAN,
indeed,it,queued,Intermediate / Senior Civil Engineer – Vancouver,Norda Stelo,"Vancouver, BC, CA",https://ca.indeed.com/viewjob?jk=af98e525df7e081e,2026-07-13 01:06:11.648000,100,hard gate: eligible IT listing,company_site,METRO_VAN,
indeed,it,queued,Intermediate / Senior Structural Engineer – Terrace BC,Norda Stelo,"Vancouver, BC, CA",https://ca.indeed.com/viewjob?jk=4fd456a09e918978,2026-07-13 01:06:11.643000,100,hard gate: eligible IT listing,company_site,METRO_VAN,
indeed,it,queued,Water Resources/Hydrotechnical Engineer,Northwest Hydraulic Consultants,"Vancouver, BC, CA",https://ca.indeed.com/viewjob?jk=94ef19adf4514ca5,2026-07-13 01:06:11.638000,100,hard gate: eligible IT listing,unverified,METRO_VAN,
indeed,it,queued,Distribution Engineering,BC Hydro,"Burnaby, BC, CA",https://ca.indeed.com/viewjob?jk=8e4753f9530944fb,2026-07-13 01:06:11.634000,100,hard gate: eligible IT listing,unverified,METRO_VAN,
indeed,it,queued,Senior ITS/Intelligent Mobility Engineer,Arup,"Vancouver, BC, CA",https://ca.indeed.com/viewjob?jk=81a00008df18a374,2026-07-13 01:06:11.628000,100,hard gate: eligible IT listing,unverified,METRO_VAN,
indeed,it,queued,Junior Project Engineer,Vancouver Airport Authority,"Vancouver, BC, CA",https://ca.indeed.com/viewjob?jk=f097b09cf91ad884,2026-07-13 01:06:11.621000,100,hard gate: eligible IT listing,unverified,METRO_VAN,
indeed,it,queued,Staff Software Engineer (Backend) - Everand Core,"Scribd, Inc.","Vancouver, BC, CA",https://ca.indeed.com/viewjob?jk=05c73e403ac7b9bc,2026-07-13 01:06:11.615000,100,hard gate: eligible IT listing,company_site,METRO_VAN,
indeed,it,queued,Project Manager (Project Delivery),CORIX (CA) DE SERVICES LIMITED PARTNERSHIP,"Vancouver, BC, CA",https://ca.indeed.com/viewjob?jk=7cbe7f92317c33f8,2026-07-13 01:06:11.603000,100,hard gate: eligible IT listing,easy_apply,METRO_VAN,
indeed,it,queued,Field Engineer,JDS Energy & Mining,"Vancouver, BC, CA",https://ca.indeed.com/viewjob?jk=a140f6bdc4f43294,2026-07-13 01:06:11.598000,100,hard gate: eligible IT listing,easy_apply,METRO_VAN,
indeed,it,queued,Project Control Coordinator,Klohn Crippen Berger,"Vancouver, BC, CA",https://ca.indeed.com/viewjob?jk=435182a33695b186,2026-07-13 01:06:11.592000,100,hard gate: eligible IT listing,easy_apply,METRO_VAN,
indeed,it,queued,Electrical Designer/Engineer,Synergy Engineering,"Coquitlam, BC, CA",https://ca.indeed.com/viewjob?jk=ac7ed602c6e69aa6,2026-07-13 01:06:11.586000,100,hard gate: eligible IT listing,easy_apply,METRO_VAN,
indeed,it,queued,Senior Engineer (Hybrid),KERR WOOD LEIDAL ASSOCIATES LTD.,"Burnaby, BC, CA",https://ca.indeed.com/viewjob?jk=d0276eff314ad133,2026-07-13 01:06:11.579000,100,hard gate: eligible IT listing,easy_apply,METRO_VAN,
indeed,it,queued,"Senior Interior Designer, StreetSide",StreetSide Developments - Vancouver,"Surrey, BC, CA",https://ca.indeed.com/viewjob?jk=c4e12056dac91d28,2026-07-13 01:06:11.569000,100,hard gate: eligible IT listing,easy_apply,METRO_VAN,
indeed,it,queued,Bosch Residential Territory Manager,The Master Group,"Burnaby, BC, CA",https://ca.indeed.com/viewjob?jk=76103f55bc2da246,2026-07-13 01:06:11.561000,100,hard gate: eligible IT listing,easy_apply,METRO_VAN,
indeed,it,queued,Electrical Engineer – Instrumentation Focus,Saltworks Technologies,"Richmond, BC, CA",https://ca.indeed.com/viewjob?jk=9a61077ba02ceec3,2026-07-13 01:06:11.554000,100,hard gate: eligible IT listing,easy_apply,METRO_VAN,
indeed,it,queued,Senior / Principal Mining Engineer (Open Pit & Geosciences),AMC Consultants,"Vancouver, BC, CA",https://ca.indeed.com/viewjob?jk=246802c29fe9cc1a,2026-07-13 01:06:11.549000,100,hard gate: eligible IT listing,easy_apply,METRO_VAN,
indeed,it,queued,Maintenance Engineer - PL#51056,Peter Lucas Project Management Inc.,"Vancouver, BC, CA",https://ca.indeed.com/viewjob?jk=b1893991fa034441,2026-07-13 01:06:11.542000,100,hard gate: eligible IT listing,easy_apply,METRO_VAN,
indeed,it,queued,Capital Sales Manager,Westpro Machinery,"Vancouver, BC, CA",https://ca.indeed.com/viewjob?jk=80ad8e5a97b053eb,2026-07-13 01:06:11.537000,100,hard gate: eligible IT listing,easy_apply,METRO_VAN,
indeed,it,queued,Capital Sales - Mining & Mineral Processing,Westpro Machinery,"Vancouver, BC, CA",https://ca.indeed.com/viewjob?jk=6dac63b7c417c5ce,2026-07-13 01:06:11.532000,100,hard gate: eligible IT listing,easy_apply,METRO_VAN,
indeed,it,queued,Intermediate Structural Engineer - Bridges,ENTUITIVE,"Vancouver, BC, CA",https://ca.indeed.com/viewjob?jk=30c6678cceb1a745,2026-07-13 01:06:11.525000,100,hard gate: eligible IT listing,easy_apply,METRO_VAN,
indeed,it,queued,Senior Structural Engineer - Bridges,ENTUITIVE,"Vancouver, BC, CA",https://ca.indeed.com/viewjob?jk=d5b6b83ced626baf,2026-07-13 01:06:11.517000,100,hard gate: eligible IT listing,easy_apply,METRO_VAN,
indeed,it,queued,Senior Software Engineer (JAVA),Behavox,"Vancouver, BC, CA",https://ca.indeed.com/viewjob?jk=54118aa281ea1094,2026-07-13 01:06:11.508000,100,hard gate: eligible IT listing,easy_apply,METRO_VAN,
indeed,it,queued,Machine Learning Manager,Novarc Technologies Inc.,"Burnaby, BC, CA",https://ca.indeed.com/viewjob?jk=75caa4ad68ca7810,2026-07-13 01:06:11.501000,100,hard gate: eligible IT listing,easy_apply,METRO_VAN,
indeed,it,queued,Senior DevOps Engineer/Platform Engineer,velora,"Vancouver, BC, CA",https://ca.indeed.com/viewjob?jk=a5bf4f4007135b55,2026-07-13 01:06:11.495000,100,hard gate: eligible IT listing,easy_apply,METRO_VAN,
indeed,it,queued,Intermediate Naval Architect - Structural,VARD Group,"Vancouver, BC, CA",https://ca.indeed.com/viewjob?jk=ae3134d5d0f3087a,2026-07-13 01:06:11.481000,100,hard gate: eligible IT listing,easy_apply,METRO_VAN,
indeed,it,queued,Electrical Engineer - Water treatment systems,BI Pure Water,"Surrey, BC, CA",https://ca.indeed.com/viewjob?jk=da8fefa92423c5b4,2026-07-13 01:06:11.474000,100,hard gate: eligible IT listing,easy_apply,METRO_VAN,
indeed,it,queued,AI Security Principal Engineer - AI Red Team (Enterprise),C-Serv,"Vancouver, BC, CA",https://ca.indeed.com/viewjob?jk=250b55b616a11489,2026-07-13 01:06:11.468000,100,hard gate: eligible IT listing,easy_apply,METRO_VAN,
indeed,it,queued,RF Engineer,Type One Energy,"Vancouver, BC, CA",https://ca.indeed.com/viewjob?jk=7b1b4dc61f68288c,2026-07-13 01:06:11.441000,100,hard gate: eligible IT listing,easy_apply,METRO_VAN,
indeed,it,queued,Manufacturing Training Specialist,Industrial Electric Manufacturing,"Surrey, BC, CA",https://ca.indeed.com/viewjob?jk=11cc1454d75fc0bb,2026-07-13 01:06:11.435000,100,hard gate: eligible IT listing,easy_apply,METRO_VAN,
indeed,it,queued,Manufacturing Training Supervisor,Industrial Electric Manufacturing,"Surrey, BC, CA",https://ca.indeed.com/viewjob?jk=c76b934f2c35b339,2026-07-13 01:06:11.430000,100,hard gate: eligible IT listing,easy_apply,METRO_VAN,
indeed,it,queued,Plant Layout Engineer/ Specialist,Food Process Solutions,"Richmond, BC, CA",https://ca.indeed.com/viewjob?jk=4fe1760062a53c72,2026-07-13 01:06:11.424000,100,hard gate: eligible IT listing,easy_apply,METRO_VAN,
indeed,it,queued,"Manager, Operational Systems",Ledcor,"Vancouver, BC, CA",https://ca.indeed.com/viewjob?jk=b01da915463b29f1,2026-07-13 01:06:11.419000,100,hard gate: eligible IT listing,unverified,METRO_VAN,
indeed,it,queued,Store Sales & Service Specialist,Tucker Canada,"Langley, BC, CA",https://ca.indeed.com/viewjob?jk=4f192f7b30515217,2026-07-13 01:06:11.407000,100,hard gate: eligible IT listing,unverified,METRO_VAN,
indeed,it,queued,AI Integration & Automation Specialist,COLLINGWOOD SCHOOL,"West Vancouver, BC, CA",https://ca.indeed.com/viewjob?jk=6a76b1c66ead2302,2026-07-13 01:06:11.388000,100,hard gate: eligible IT listing,company_site,METRO_VAN,
indeed,it,queued,"Senior Specialist, Cloud and Infrastructure",Centerra Gold,"Vancouver, BC, CA",https://ca.indeed.com/viewjob?jk=152c8662f369e5ed,2026-07-13 01:06:11.380000,100,hard gate: eligible IT listing,unverified,METRO_VAN,
indeed,it,queued,Senior Cybersecurity Planning Advisor,BC Hydro,"Vancouver, BC, CA",https://ca.indeed.com/viewjob?jk=c108285c3cd44a6a,2026-07-13 01:06:11.373000,100,hard gate: eligible IT listing,unverified,METRO_VAN,
indeed,it,queued,"Area Sales Manager - Western Canada, BU Water",Sulzer,"Burnaby, BC, CA",https://ca.indeed.com/viewjob?jk=839155ec149b1c86,2026-07-13 01:06:11.367000,100,hard gate: eligible IT listing,company_site,METRO_VAN,
indeed,it,queued,Senior ServiceNow Specialist,Ledcor,"Vancouver, BC, CA",https://ca.indeed.com/viewjob?jk=9034bbaf70b09e40,2026-07-13 01:06:11.354000,100,hard gate: eligible IT listing,unverified,METRO_VAN,
indeed,it,queued,Financial Applications Support Specialist,Aquilini Group LP,"Vancouver, BC, CA",https://ca.indeed.com/viewjob?jk=70ca3c159d6943d5,2026-07-13 01:06:11.349000,100,hard gate: eligible IT listing,easy_apply,METRO_VAN,
indeed,it,queued,Payroll Supervisor,Seaspan ULC,"North Vancouver, BC, CA",https://ca.indeed.com/viewjob?jk=9727250f0c3a985a,2026-07-13 01:06:11.340000,100,hard gate: eligible IT listing,company_site,METRO_VAN,
indeed,it,queued,Advanced Data Analyst - EA SPORTS™ FC,Electronic Arts,"Vancouver, BC, CA",https://ca.indeed.com/viewjob?jk=57c89a700050dbe4,2026-07-13 01:06:11.329000,100,hard gate: eligible IT listing,unverified,METRO_VAN,
indeed,it,queued,Senior Business Systems Analyst,Vancouver City Savings Credit Union,"Vancouver, BC, CA",https://ca.indeed.com/viewjob?jk=fe9118f419f5a9fe,2026-07-13 01:06:11.318000,100,hard gate: eligible IT listing,company_site,METRO_VAN,
indeed,it,queued,"Manager, Sales & Operations Planning",lululemon,"Vancouver, BC, CA",https://ca.indeed.com/viewjob?jk=7be56bd233842a20,2026-07-13 01:06:11.312000,100,hard gate: eligible IT listing,unverified,METRO_VAN,
indeed,it,queued,Education Systems Coordinator,University of British Columbia,"Vancouver, BC, CA",https://ca.indeed.com/viewjob?jk=0a5fde2a35a9f876,2026-07-13 01:06:11.307000,100,hard gate: eligible IT listing,company_site,METRO_VAN,
indeed,it,queued,Senior Operations Data Analyst (Hybrid),Kardium Inc.,"Burnaby, BC, CA",https://ca.indeed.com/viewjob?jk=31ecb2a3603616cc,2026-07-13 01:06:11.299000,100,hard gate: eligible IT listing,easy_apply,METRO_VAN,
indeed,it,queued,Junior Accountant,Wesgroup Equipment,"Surrey, BC, CA",https://ca.indeed.com/viewjob?jk=b5c203a8dea46d4e,2026-07-13 01:06:11.289000,100,hard gate: eligible IT listing,company_site,METRO_VAN,
indeed,it,queued,"Pharmacist, Hourly Part Time Day",Shoppers Drug Mart,"Richmond, BC, CA",https://ca.indeed.com/viewjob?jk=96b450c4984e4a87,2026-07-13 01:06:11.284000,100,hard gate: eligible IT listing,unverified,METRO_VAN,
indeed,it,queued,"Pharmacist, Hourly Part Time Day",Shoppers Drug Mart,"Maple Ridge, BC, CA",https://ca.indeed.com/viewjob?jk=f4f3ef4e74a19b70,2026-07-13 01:06:11.278000,100,hard gate: eligible IT listing,unverified,METRO_VAN,
indeed,it,queued,"Pharmacist, Hourly Part Time Flexible Shifts",Shoppers Drug Mart,"Vancouver, BC, CA",https://ca.indeed.com/viewjob?jk=7b0ad36adf416f87,2026-07-13 01:06:11.272000,100,hard gate: eligible IT listing,unverified,METRO_VAN,
indeed,it,queued,"Pharmacist, Hourly Part Time Day",Shoppers Drug Mart,"Vancouver, BC, CA",https://ca.indeed.com/viewjob?jk=4368e562b5970cc4,2026-07-13 01:06:11.266000,100,hard gate: eligible IT listing,unverified,METRO_VAN,
indeed,it,queued,"Buyer, Supply Chain",Provincial Health Services Authority (PHSA),"Burnaby, BC, CA",https://ca.indeed.com/viewjob?jk=d56cda7fa7b6d993,2026-07-13 01:06:11.260000,100,hard gate: eligible IT listing,unverified,METRO_VAN,
indeed,it,queued,"Pharmacist, Hourly Part Time Day",Shoppers Drug Mart,"North Vancouver, BC, CA",https://ca.indeed.com/viewjob?jk=a9cf17f92bb7e361,2026-07-13 01:06:11.254000,100,hard gate: eligible IT listing,unverified,METRO_VAN,
indeed,it,queued,Powertech Project Accounting Administrator,BC Hydro,"Lower Mainland, BC, CA",https://ca.indeed.com/viewjob?jk=3af0fd6b70899791,2026-07-13 01:06:11.248000,100,hard gate: eligible IT listing,unverified,METRO_VAN,
indeed,it,queued,Transportation Supervisor,Canadian National Railway,"Vancouver, BC, CA",https://ca.indeed.com/viewjob?jk=28d188ec4ac66840,2026-07-13 01:06:11.243000,100,hard gate: eligible IT listing,unverified,METRO_VAN,
indeed,it,queued,"Pharmacist, Hourly Full Time Flexible Shifts",Shoppers Drug Mart,"Vancouver, BC, CA",https://ca.indeed.com/viewjob?jk=6bbf7f12cca685d0,2026-07-13 01:06:11.237000,100,hard gate: eligible IT listing,unverified,METRO_VAN,
indeed,it,queued,"Pharmacist, Hourly Full Time Day",Shoppers Drug Mart,"North Vancouver, BC, CA",https://ca.indeed.com/viewjob?jk=c2acc4f0c60b4337,2026-07-13 01:06:11.233000,100,hard gate: eligible IT listing,unverified,METRO_VAN,
indeed,it,queued,"Pharmacist, Hourly Part Time Flexible Shifts",Shoppers Drug Mart,"Maple Ridge, BC, CA",https://ca.indeed.com/viewjob?jk=53c74e0deedb0806,2026-07-13 01:06:11.227000,100,hard gate: eligible IT listing,unverified,METRO_VAN,
indeed,it,queued,"Pharmacist, Hourly Union Part Time Day",Shoppers Drug Mart,"New Westminster, BC, CA",https://ca.indeed.com/viewjob?jk=fa0da7d98d245b88,2026-07-13 01:06:11.221000,100,hard gate: eligible IT listing,unverified,METRO_VAN,
indeed,it,queued,"Pharmacist, Hourly Full Time Day",Shoppers Drug Mart,"Richmond, BC, CA",https://ca.indeed.com/viewjob?jk=ef35f1f6b782cb2d,2026-07-13 01:06:11.216000,100,hard gate: eligible IT listing,unverified,METRO_VAN,
indeed,it,queued,"Pharmacist, Hourly Part Time Flexible Shifts",Shoppers Drug Mart,"Port Coquitlam, BC, CA",https://ca.indeed.com/viewjob?jk=c9ab2789516abc20,2026-07-13 01:06:11.212000,100,hard gate: eligible IT listing,unverified,METRO_VAN,
indeed,it,queued,"Pharmacist, Hourly Full Time Day",Shoppers Drug Mart,"Pitt Meadows, BC, CA",https://ca.indeed.com/viewjob?jk=0f3c7c4c19f9b615,2026-07-13 01:06:11.205000,100,hard gate: eligible IT listing,unverified,METRO_VAN,
indeed,it,queued,"Admitting and Administrative Clerk, Psychiatry Clinic - BC Children’s and Women’s Hospital & Health Centre",Provincial Health Services Authority (PHSA),"Vancouver, BC, CA",https://ca.indeed.com/viewjob?jk=e7a23d29392fed40,2026-07-13 01:06:11.192000,100,hard gate: eligible IT listing,unverified,METRO_VAN,
indeed,it,queued,"Registration/Booking Clerk, Endo Diabetes Clinic - BC Children’s Hospital",Provincial Health Services Authority (PHSA),"Vancouver, BC, CA",https://ca.indeed.com/viewjob?jk=56be6c37693dc2ed,2026-07-13 01:06:11.160000,100,hard gate: eligible IT listing,unverified,METRO_VAN,
indeed,it,queued,Bank Administrator - 12 Month Contract,QuadReal,"Vancouver, BC, CA",https://ca.indeed.com/viewjob?jk=feee0eb030d37b11,2026-07-13 01:06:11.143000,100,hard gate: eligible IT listing,company_site,METRO_VAN,
indeed,it,queued,"Pharmacist, Hourly Full Time Day",Shoppers Drug Mart,"West Vancouver, BC, CA",https://ca.indeed.com/viewjob?jk=ca0ad28e91f7ec7b,2026-07-13 01:06:11.135000,100,hard gate: eligible IT listing,unverified,METRO_VAN,
indeed,it,queued,Project Accounting Administrator,Powertech Labs Inc.,"Surrey, BC, CA",https://ca.indeed.com/viewjob?jk=47c1a4ef3c151daa,2026-07-13 01:06:11.131000,100,hard gate: eligible IT listing,company_site,METRO_VAN,
indeed,it,queued,"Pharmacist, Hourly Part Time Day",Shoppers Drug Mart,"Surrey, BC, CA",https://ca.indeed.com/viewjob?jk=531508065471d382,2026-07-13 01:06:11.122000,100,hard gate: eligible IT listing,unverified,METRO_VAN,
indeed,it,queued,"Pharmacist, Hourly Full Time Flexible Shifts",Shoppers Drug Mart,"Surrey, BC, CA",https://ca.indeed.com/viewjob?jk=6b9b0c71f609179e,2026-07-13 01:06:11.117000,100,hard gate: eligible IT listing,unverified,METRO_VAN,
indeed,it,queued,Senior Accountant,Tru Cooperative Bank,"Langley, BC, CA",https://ca.indeed.com/viewjob?jk=0718bb97063d9818,2026-07-13 01:06:11.110000,100,hard gate: eligible IT listing,company_site,METRO_VAN,
indeed,it,queued,"Booking Clerk, Medical Imaging - BC Cancer - Vancouver",Provincial Health Services Authority (PHSA),"Vancouver, BC, CA",https://ca.indeed.com/viewjob?jk=6d6d71af8a4b2993,2026-07-13 01:06:11.084000,100,hard gate: eligible IT listing,unverified,METRO_VAN,
indeed,it,queued,"Booking Clerk, Medical Imaging - BC Cancer - Vancouver",Provincial Health Services Authority (PHSA),"Vancouver, BC, CA",https://ca.indeed.com/viewjob?jk=3ce9778b154e4fc9,2026-07-13 01:06:11.079000,100,hard gate: eligible IT listing,unverified,METRO_VAN,
indeed,it,queued,"Pharmacist, Hourly Part Time Day",Shoppers Drug Mart,"Delta, BC, CA",https://ca.indeed.com/viewjob?jk=51b2bb2be7134944,2026-07-13 01:06:11.048000,100,hard gate: eligible IT listing,unverified,METRO_VAN,
indeed,it,queued,"Manager, Health and Safety",AlumaSafway,"Coquitlam, BC, CA",https://ca.indeed.com/viewjob?jk=c747002f4710c1db,2026-07-13 01:06:11.042000,100,hard gate: eligible IT listing,easy_apply,METRO_VAN,
indeed,it,queued,Junior Accountant,Cinesite-Vancouver,"Vancouver, BC, CA",https://ca.indeed.com/viewjob?jk=9932e6630880ca77,2026-07-13 01:06:11.033000,100,hard gate: eligible IT listing,easy_apply,METRO_VAN,
indeed,it,queued,Business Development Associate (Coffee & Vending Services),Compass Group,"Port Coquitlam, BC, CA",https://ca.indeed.com/viewjob?jk=cd410cbd4df0afb1,2026-07-13 01:06:11.002000,100,hard gate: eligible IT listing,easy_apply,METRO_VAN,
indeed,it,queued,Entry Level Sales Representative - Build a Long-Term Career,Dunlevy Food Equipment Ltd.,"Vancouver, BC, CA",https://ca.indeed.com/viewjob?jk=76d4bd3b7843de1c,2026-07-13 01:06:10.991000,100,hard gate: eligible IT listing,easy_apply,METRO_VAN,
indeed,it,queued,Senior Accountant - Branch Accounting,Fix Network,"Burnaby, BC, CA",https://ca.indeed.com/viewjob?jk=13386c324c70e1c3,2026-07-13 01:06:10.984000,100,hard gate: eligible IT listing,easy_apply,METRO_VAN,
indeed,it,queued,Transfer Driver,U-Haul,"Vancouver, BC, CA",https://ca.indeed.com/viewjob?jk=8cc090a7d24b3930,2026-07-13 01:06:10.956000,100,hard gate: eligible IT listing,unverified,METRO_VAN,
indeed,it,queued,Senior Fire Alarm Systems Designer,Johnson Controls,"Delta, BC, CA",https://ca.indeed.com/viewjob?jk=e2bd1756e86df7c1,2026-07-13 01:06:10.951000,100,hard gate: eligible IT listing,unverified,METRO_VAN,
indeed,it,queued,Environmental Technician (TFT),City of Port Moody,"Port Moody, BC, CA",https://ca.indeed.com/viewjob?jk=3cd5f8d07da89ad7,2026-07-13 01:06:10.945000,100,hard gate: eligible IT listing,unverified,METRO_VAN,
indeed,it,queued,Pharmacist - PT,Safeway Canada,"Port Coquitlam, BC, CA",https://ca.indeed.com/viewjob?jk=4c9810de863319a2,2026-07-13 01:06:10.939000,100,hard gate: eligible IT listing,unverified,METRO_VAN,
indeed,it,queued,"Associate Technical Director, Roads and Highways, for COWI in North America",COWI,"North Vancouver, BC, CA",https://ca.indeed.com/viewjob?jk=a3f644112e35073d,2026-07-13 01:06:10.935000,100,hard gate: eligible IT listing,unverified,METRO_VAN,
indeed,it,queued,Pest Technician,Rentokil Initial,"Vancouver, BC, CA",https://ca.indeed.com/viewjob?jk=d61b785f7c5cc606,2026-07-13 01:06:10.930000,100,hard gate: eligible IT listing,unverified,METRO_VAN,
indeed,it,queued,Supervisor - Building Automation Field Technicians,Carrier,"Coquitlam, BC, CA",https://ca.indeed.com/viewjob?jk=97966582da5eec31,2026-07-13 01:06:10.910000,100,hard gate: eligible IT listing,unverified,METRO_VAN,
indeed,it,queued,Reliability Lead (1-Year Contract),Kruger Products,"New Westminster, BC, CA",https://ca.indeed.com/viewjob?jk=3baf21fca0b19950,2026-07-13 01:06:10.905000,100,hard gate: eligible IT listing,company_site,METRO_VAN,
indeed,it,queued,Fleet Maintenance Fueler Washer,Penske Truck Leasing,"Burnaby, BC, CA",https://ca.indeed.com/viewjob?jk=c7866bd699a218f5,2026-07-13 01:06:10.900000,100,hard gate: eligible IT listing,unverified,METRO_VAN,
indeed,it,queued,Formula and Milk Handling Technician - BC Children’s and Women’s Hospital & Health Centre,Provincial Health Services Authority (PHSA),"Vancouver, BC, CA",https://ca.indeed.com/viewjob?jk=fa3b462e0a8dcf42,2026-07-13 01:06:10.879000,100,hard gate: eligible IT listing,unverified,METRO_VAN,
indeed,it,queued,Hydraulic Technologist/Engineer,Hyseco Fluid Systems,"Delta, BC, CA",https://ca.indeed.com/viewjob?jk=901c93fe0c81483a,2026-07-13 01:06:10.871000,100,hard gate: eligible IT listing,easy_apply,METRO_VAN,
indeed,it,queued,Warehouse Associate,Motion (formerly Motion Specialties),"Burnaby, BC, CA",https://ca.indeed.com/viewjob?jk=d84673208b47693e,2026-07-13 01:06:10.865000,100,hard gate: eligible IT listing,easy_apply,METRO_VAN,
indeed,it,queued,Call Centre Agent (Service & Repair) - Delta (726),Trail Appliances,"Delta, BC, CA",https://ca.indeed.com/viewjob?jk=94b6d2ce20655e9f,2026-07-13 01:06:10.835000,100,hard gate: eligible IT listing,easy_apply,METRO_VAN,
indeed,it,queued,Warehouse Assembly & Service Representative,NEW-LINE HOSE & FITTINGS,"Delta, BC, CA",https://ca.indeed.com/viewjob?jk=d1c415e2737f50a8,2026-07-13 01:06:10.829000,100,hard gate: eligible IT listing,easy_apply,METRO_VAN,
indeed,it,queued,"Manager, Investigations & Investigation Committee",BC College of Oral Health Professionals,"Vancouver, BC, CA",https://ca.indeed.com/viewjob?jk=0876b1d18fe9700b,2026-07-13 01:06:10.825000,100,hard gate: eligible IT listing,easy_apply,METRO_VAN,
indeed,it,queued,Detailer,Kirmac Collision & Autoglass,"Maple Ridge, BC, CA",https://ca.indeed.com/viewjob?jk=c7a3cc3935cc16e1,2026-07-13 01:06:10.794000,100,hard gate: eligible IT listing,easy_apply,METRO_VAN,
indeed,it,queued,Contents Crew Lead,First Onsite,"Surrey, BC, CA",https://ca.indeed.com/viewjob?jk=87f5db60900b84e2,2026-07-13 01:06:10.788000,100,hard gate: eligible IT listing,easy_apply,METRO_VAN,
indeed,it,queued,Lane Closure Technician's (LCT's) - Nanaimo,ATS Traffic,"Langley, BC, CA",https://ca.indeed.com/viewjob?jk=e93db41ac29104c0,2026-07-13 01:06:10.782000,100,hard gate: eligible IT listing,easy_apply,METRO_VAN,
indeed,it,queued,Junior Structural Engineer,ASPECT Structural Engineers,"Vancouver, BC, CA",https://ca.indeed.com/viewjob?jk=94fa71c57dc79fa0,2026-07-13 01:06:10.754000,100,hard gate: eligible IT listing,easy_apply,METRO_VAN,
indeed,it,queued,Technical Service Manager,Netdigix Systems Inc,"Burnaby, BC, CA",https://ca.indeed.com/viewjob?jk=2a3a84a1014080e2,2026-07-13 01:06:10.735000,100,hard gate: eligible IT listing,easy_apply,METRO_VAN,
indeed,it,queued,Window Cleaning Technician,Clear Coast Property Services,"Delta, BC, CA",https://ca.indeed.com/viewjob?jk=15ec1801c36c53db,2026-07-13 01:06:10.721000,100,hard gate: eligible IT listing,easy_apply,METRO_VAN,
indeed,it,queued,motorcycle workshop assistant,High Road Motorsports | Vancouver & Langley,"Vancouver, BC, CA",https://ca.indeed.com/viewjob?jk=bd984627571fb56b,2026-07-13 01:06:10.707000,100,hard gate: eligible IT listing,easy_apply,METRO_VAN,
indeed,it,queued,"Health Testing Technician — DEXA, VO2 Max & RMR (Full Training Provided)",Bodystats,"Vancouver, BC, CA",https://ca.indeed.com/viewjob?jk=747c6daf024cc989,2026-07-13 01:06:10.696000,100,hard gate: eligible IT listing,easy_apply,METRO_VAN,
indeed,it,queued,"Software Development Engineer, AWS Amazon Connect - AI Voice Applications",Amazon.com,"Vancouver, BC, CA",https://ca.indeed.com/viewjob?jk=d022006569b2a310,2026-07-13 01:06:10.687000,100,hard gate: eligible IT listing,unverified,METRO_VAN,
indeed,it,queued,Intermediate Accountant (12 month contract),Colliers,"Vancouver, BC, CA",https://ca.indeed.com/viewjob?jk=7516cc08e2b1c4bb,2026-07-13 01:06:10.680000,100,hard gate: eligible IT listing,company_site,METRO_VAN,
indeed,it,queued,"HRIS Analyst, People Analytics & Governance",IREN,"Vancouver, BC, CA",https://ca.indeed.com/viewjob?jk=88cf2515030646b8,2026-07-13 01:06:10.647000,100,hard gate: eligible IT listing,unverified,METRO_VAN,
indeed,it,queued,SOC Analyst,Fortinet,"Burnaby, BC, CA",https://ca.indeed.com/viewjob?jk=ca62c96366412d6b,2026-07-13 01:06:10.640000,100,hard gate: eligible IT listing,company_site,METRO_VAN,
indeed,it,queued,Business Planning Analyst,WorkSafeBC,"Richmond, BC, CA",https://ca.indeed.com/viewjob?jk=5f649104174f0be2,2026-07-13 01:06:10.598000,100,hard gate: eligible IT listing,unverified,METRO_VAN,
indeed,it,queued,"Director, Security, Governance, Risk & Compliance",Global Relay,"Vancouver, BC, CA",https://ca.indeed.com/viewjob?jk=2f10983b8d34741d,2026-07-13 01:06:10.591000,100,hard gate: eligible IT listing,unverified,METRO_VAN,
indeed,it,queued,Senior Analyst – AI Models Risk and Governance,RBC,"Vancouver, BC, CA",https://ca.indeed.com/viewjob?jk=bdb3f121bc3aaca2,2026-07-13 01:06:10.586000,100,hard gate: eligible IT listing,unverified,METRO_VAN,
indeed,it,queued,Data Management Analyst,RBC,"Vancouver, BC, CA",https://ca.indeed.com/viewjob?jk=c835cf5a57e990ba,2026-07-13 01:06:10.559000,100,hard gate: eligible IT listing,unverified,METRO_VAN,
indeed,it,queued,Systems Analyst (PeopleSoft),City of Richmond (BC),"Richmond, BC, CA",https://ca.indeed.com/viewjob?jk=e3436d87b24ec2f3,2026-07-13 01:06:10.552000,100,hard gate: eligible IT listing,company_site,METRO_VAN,
indeed,it,queued,"Director, Security, Governance, Risk & Compliance",Global Relay,"Vancouver, BC, CA",https://ca.indeed.com/viewjob?jk=27377e5f893a9dc2,2026-07-13 01:06:10.547000,100,hard gate: eligible IT listing,easy_apply,METRO_VAN,
indeed,it,queued,Senior Analyst - Value and Access,Costello Medical,"Vancouver, BC, CA",https://ca.indeed.com/viewjob?jk=7978b2e0e7547fd4,2026-07-13 01:06:10.519000,100,hard gate: eligible IT listing,easy_apply,METRO_VAN,
indeed,it,queued,Portfolio Management Analyst,Nesto Group,"Vancouver, BC, CA",https://ca.indeed.com/viewjob?jk=395a82d3cc95e325,2026-07-13 01:06:10.513000,100,hard gate: eligible IT listing,easy_apply,METRO_VAN,
indeed,it,queued,Portfolio Management Analyst,CMLS,"Vancouver, BC, CA",https://ca.indeed.com/viewjob?jk=5acf7f0d686abbf9,2026-07-13 01:06:10.508000,100,hard gate: eligible IT listing,easy_apply,METRO_VAN,
indeed,it,queued,"Support Engineer, Selling Partner Financial Technology",Amazon.com,"Vancouver, BC, CA",https://ca.indeed.com/viewjob?jk=e66ce40fefa655d6,2026-07-13 01:06:10.501000,100,hard gate: eligible IT listing,unverified,METRO_VAN,
indeed,it,queued,Technical Support Engineer mit Fokus Operation (a),1stQuad Solutions,"Vancouver, BC, CA",https://ca.indeed.com/viewjob?jk=f0d776882ed81357,2026-07-13 01:06:10.495000,100,hard gate: eligible IT listing,unverified,METRO_VAN,
indeed,it,queued,Service Desk Supervisor- Onsite,Compugen Inc,"Surrey, BC, CA",https://ca.indeed.com/viewjob?jk=ccae30385f76d0e2,2026-07-13 01:06:10.488000,100,hard gate: eligible IT listing,unverified,METRO_VAN,
indeed,it,queued,Technology Deployment & Operations Technician - Information Technology Support A,School District #39 (Vancouver),"Vancouver, BC, CA",https://ca.indeed.com/viewjob?jk=1adf348954731ade,2026-07-13 01:06:10.481000,100,hard gate: eligible IT listing,unverified,METRO_VAN,
indeed,it,queued,Senior Systems Administrator - Lahal Casino Mgmt,Lahal Management LP,"Coquitlam, BC, CA",https://ca.indeed.com/viewjob?jk=9b72cc336ec7b5ad,2026-07-13 01:06:10.474000,100,hard gate: eligible IT listing,easy_apply,METRO_VAN,
indeed,it,queued,Systems Analyst I,Seaspan ULC,"North Vancouver, BC, CA",https://ca.indeed.com/viewjob?jk=10efb697bc007c16,2026-07-13 01:06:10.468000,100,hard gate: eligible IT listing,company_site,METRO_VAN,
indeed,it,queued,SAP/Ariba Business Analyst (contract),Teck Resources Limited,"Vancouver, BC, CA",https://ca.indeed.com/viewjob?jk=1ba5c036d760b395,2026-07-13 01:06:10.460000,100,hard gate: eligible IT listing,unverified,METRO_VAN,
indeed,it,queued,"SAP Analytics Cloud (SAC) Developer, ERP Reporting & Analytics (contract)",Teck Resources Limited,"Vancouver, BC, CA",https://ca.indeed.com/viewjob?jk=31051e96a7e08c1c,2026-07-13 01:06:10.454000,100,hard gate: eligible IT listing,unverified,METRO_VAN,
indeed,it,queued,ERP Testing Specialist (contract),Teck Resources Limited,"Vancouver, BC, CA",https://ca.indeed.com/viewjob?jk=c2936fe8fcc53868,2026-07-13 01:06:10.447000,100,hard gate: eligible IT listing,unverified,METRO_VAN,
indeed,it,queued,"SAP Analyst, Supply Chain",Fortis BC,"Surrey, BC, CA",https://ca.indeed.com/viewjob?jk=6f7f457207c07684,2026-07-13 01:06:10.441000,100,hard gate: eligible IT listing,unverified,METRO_VAN,
indeed,it,queued,Enterprise Data Analyst,Cansure,"Vancouver, BC, CA",https://ca.indeed.com/viewjob?jk=85b603dbb594259e,2026-07-13 01:06:10.435000,100,hard gate: eligible IT listing,unverified,METRO_VAN,
indeed,it,queued,Data Analyst - 18 Month TFT,Electronic Arts,"Vancouver, BC, CA",https://ca.indeed.com/viewjob?jk=583d184a06433bcc,2026-07-13 01:06:10.430000,100,hard gate: eligible IT listing,unverified,METRO_VAN,
indeed,it,queued,Marketing Leader (Campaigns),AlgaeCal,"Vancouver, BC, CA",https://ca.indeed.com/viewjob?jk=4f2eb3f1d03b1d99,2026-07-13 01:06:10.424000,100,hard gate: eligible IT listing,easy_apply,METRO_VAN,
indeed,it,queued,Technical Marketing Director,Katusa Research,"Vancouver, BC, CA",https://ca.indeed.com/viewjob?jk=1bee4a6fa1399c80,2026-07-13 01:06:10.417000,100,hard gate: eligible IT listing,easy_apply,METRO_VAN,
indeed,it,queued,Junior Buyer – Purchasing & Administrative Services,School District #39 (Vancouver),"Vancouver, BC, CA",https://ca.indeed.com/viewjob?jk=2c2acf7a3c78cece,2026-07-13 01:06:10.408000,100,hard gate: eligible IT listing,unverified,METRO_VAN,
indeed,it,queued,Library Systems Coordinator - Technical & Resource Support E,School District #39 (Vancouver),"Vancouver, BC, CA",https://ca.indeed.com/viewjob?jk=5e425489fbba2f9a,2026-07-13 01:06:10.401000,100,hard gate: eligible IT listing,unverified,METRO_VAN,
indeed,it,queued,Senior Financial Processor,University of British Columbia,"Vancouver, BC, CA",https://ca.indeed.com/viewjob?jk=d945de106fdbf564,2026-07-13 01:06:10.393000,100,hard gate: eligible IT listing,company_site,METRO_VAN,
indeed,it,queued,Clerk All Purpose Grid B-Reg. PTU,Safeway Canada,"Vancouver, BC, CA",https://ca.indeed.com/viewjob?jk=385e6d31202d55c1,2026-07-13 01:06:10.386000,100,hard gate: eligible IT listing,unverified,METRO_VAN,
indeed,it,queued,Research Projects Coordinator - Genome Sciences Centre - Vancouver,Provincial Health Services Authority (PHSA),"Vancouver, BC, CA",https://ca.indeed.com/viewjob?jk=dd399ef69c9eb5e3,2026-07-13 01:06:10.380000,100,hard gate: eligible IT listing,unverified,METRO_VAN,
indeed,it,queued,"Occupational Therapist, Neonatal Intensive Care Unit (NICU) and MotherBaby Care (MBC) - BC Women's Hospital + Health Centre",Provincial Health Services Authority (PHSA),"Vancouver, BC, CA",https://ca.indeed.com/viewjob?jk=3b8d55e785f0d895,2026-07-13 01:06:10.373000,100,hard gate: eligible IT listing,unverified,METRO_VAN,
indeed,it,queued,"Director, Chinatown Storytelling Centre",Vancouver Chinatown Foundation,"Vancouver, BC, CA",https://ca.indeed.com/viewjob?jk=f076cfb238a67b45,2026-07-13 01:06:10.364000,100,hard gate: eligible IT listing,unverified,METRO_VAN,
indeed,it,queued,Information Technology Student,PCL Construction,"Richmond, BC, CA",https://ca.indeed.com/viewjob?jk=17dbb515bbb5cd7d,2026-07-13 01:06:10.356000,100,hard gate: eligible IT listing,unverified,METRO_VAN,
indeed,it,queued,Facilities Manager,University of British Columbia,"Vancouver, BC, CA",https://ca.indeed.com/viewjob?jk=21090d1b04c6d498,2026-07-13 01:06:10.349000,100,hard gate: eligible IT listing,company_site,METRO_VAN,
indeed,it,queued,Diagnostic Radiology,Vancouver General Hospital,"Vancouver, BC, CA",https://ca.indeed.com/viewjob?jk=14eb6560c9b45222,2026-07-13 01:06:10.343000,100,hard gate: eligible IT listing,unverified,METRO_VAN,
indeed,it,queued,"Pharmacy Student, Hourly Part Time Flexible Shifts",Shoppers Drug Mart,"Vancouver, BC, CA",https://ca.indeed.com/viewjob?jk=8cb44a025cb7ab8a,2026-07-13 01:06:10.322000,100,hard gate: eligible IT listing,unverified,METRO_VAN,
indeed,it,queued,"Speech Language Pathologist, Neuromotor and Autism Network programs - BC Children’s Hospital & Sunny Hill Health Centre",Provincial Health Services Authority (PHSA),"Vancouver, BC, CA",https://ca.indeed.com/viewjob?jk=a243739863ad611a,2026-07-13 01:06:10.315000,100,hard gate: eligible IT listing,unverified,METRO_VAN,
indeed,it,queued,Social Worker,Providence Health Care,"Vancouver, BC, CA",https://ca.indeed.com/viewjob?jk=b9dae3ff2e0bda39,2026-07-13 01:06:10.306000,100,hard gate: eligible IT listing,company_site,METRO_VAN,
indeed,it,queued,Social Worker,Providence Health Care,"Vancouver, BC, CA",https://ca.indeed.com/viewjob?jk=bb07cab4c0ddc86e,2026-07-13 01:06:10.299000,100,hard gate: eligible IT listing,company_site,METRO_VAN,
indeed,it,queued,"Academic Diagnostic Cardiothoracic Radiologist, VGH",Vancouver Coastal Health,"Vancouver, BC, CA",https://ca.indeed.com/viewjob?jk=1eae4c6d7e58992b,2026-07-13 01:06:10.289000,100,hard gate: eligible IT listing,company_site,METRO_VAN,
indeed,it,queued,"Pharmacy Student, Hourly Part Time Day",Shoppers Drug Mart,"Delta, BC, CA",https://ca.indeed.com/viewjob?jk=2943f46e24ec445f,2026-07-13 01:06:10.279000,100,hard gate: eligible IT listing,unverified,METRO_VAN,
indeed,it,queued,After School Care Provider,St. John's School,"Vancouver, BC, CA",https://ca.indeed.com/viewjob?jk=e4e4f5380ee27961,2026-07-13 01:06:10.222000,100,hard gate: eligible IT listing,easy_apply,METRO_VAN,
indeed,it,queued,Director of CBTE Programs,Northwest Seminary & College,"Langley, BC, CA",https://ca.indeed.com/viewjob?jk=239ebfa4794bb038,2026-07-13 01:06:10.213000,100,hard gate: eligible IT listing,easy_apply,METRO_VAN,
indeed,it,queued,Blue Chip Cafe Manager,Alma Mater Society of UBC Vancouver,"Vancouver, BC, CA",https://ca.indeed.com/viewjob?jk=6be91f331f0ced42,2026-07-13 01:06:10.206000,100,hard gate: eligible IT listing,easy_apply,METRO_VAN,
indeed,it,queued,Camp Volunteer - Langley,Monarch House,"Langley, BC, CA",https://ca.indeed.com/viewjob?jk=8921c25227576556,2026-07-13 01:06:10.200000,100,hard gate: eligible IT listing,easy_apply,METRO_VAN,
indeed,it,queued,"Kurdish/ Arabic Speaking Settlement Worker Fixed Term until March 31, 2027",Mosaic,"Burnaby, BC, CA",https://ca.indeed.com/viewjob?jk=1b9cc556153ce7eb,2026-07-13 01:06:10.192000,100,hard gate: eligible IT listing,easy_apply,METRO_VAN,
indeed,it,queued,"Spanish Speaking Settlement Worker Fixed Term until March 31, 2027",Mosaic,"Burnaby, BC, CA",https://ca.indeed.com/viewjob?jk=9819cf0f270473b1,2026-07-13 01:06:10.184000,100,hard gate: eligible IT listing,easy_apply,METRO_VAN,
indeed,it,queued,Marketing Assistant,Coronation Recognition,"Surrey, BC, CA",https://ca.indeed.com/viewjob?jk=dff23a8d18ed5f06,2026-07-13 01:06:10.177000,100,hard gate: eligible IT listing,easy_apply,METRO_VAN,
indeed,it,queued,Restaurant Team Member,Mangia's Sandwiches,"Vancouver, BC, CA",https://ca.indeed.com/viewjob?jk=5456415697b30c79,2026-07-13 01:06:10.150000,100,hard gate: eligible IT listing,easy_apply,METRO_VAN,
indeed,it,queued,Resident Manager (Live-In),Centurion Asset Management Inc.,"Surrey, BC, CA",https://ca.indeed.com/viewjob?jk=e475c4c91b3ef3d8,2026-07-13 01:06:10.144000,100,hard gate: eligible IT listing,easy_apply,METRO_VAN,
indeed,it,queued,[B] Personal Support Assistant(HCAP student) AgeCare Royal City,AgeCare,"New Westminster, BC, CA",https://ca.indeed.com/viewjob?jk=e7ff2d1a0f08d7a4,2026-07-13 01:06:10.140000,100,hard gate: eligible IT listing,easy_apply,METRO_VAN,
indeed,it,queued,Territory Sales Representative,FutureBook Yearbooks,"Lower Mainland, BC, CA",https://ca.indeed.com/viewjob?jk=d4961ecda449bd36,2026-07-13 01:06:10.135000,100,hard gate: eligible IT listing,easy_apply,METRO_VAN,
indeed,it,queued,Inventory Auditor,Barmetrix Vancouver,"Vancouver, BC, CA",https://ca.indeed.com/viewjob?jk=841d8e66dc332d88,2026-07-13 01:06:10.129000,100,hard gate: eligible IT listing,easy_apply,METRO_VAN,
indeed,it,queued,Relief Pharmacist (Lower Mainland),Loblaw,"Surrey, BC, CA",https://ca.indeed.com/viewjob?jk=9f58a3646c5105ca,2026-07-13 01:06:10.122000,100,hard gate: eligible IT listing,unverified,METRO_VAN,
indeed,it,queued,Banking Advisor Intern,RBC,"White Rock, BC, CA",https://ca.indeed.com/viewjob?jk=bbdcfbeaa0c6c959,2026-07-13 01:06:10.114000,100,hard gate: eligible IT listing,unverified,METRO_VAN,
indeed,it,queued,"Software Analyst Intern (Fall 2026, 4/8/12 months)",Hitachi Energy,"Burnaby, BC, CA",https://ca.indeed.com/viewjob?jk=3452dbc841f9ee14,2026-07-13 01:06:10.106000,100,hard gate: eligible IT listing,company_site,METRO_VAN,
indeed,it,queued,26-P003 Student Work Placement Opportunity | Information Technology,City of Maple Ridge,"Maple Ridge, BC, CA",https://ca.indeed.com/viewjob?jk=61c26821a00766e7,2026-07-13 01:06:10.099000,100,hard gate: eligible IT listing,unverified,METRO_VAN,
indeed,it,queued,Materials Planning Specialist,Industrial Electric Manufacturing,"Surrey, BC, CA",https://ca.indeed.com/viewjob?jk=bfbd2ba2325e260e,2026-07-13 01:06:10.094000,100,hard gate: eligible IT listing,unverified,METRO_VAN,
indeed,it,queued,"Site Deployment Intern(Fall 2026, 12months)",Hitachi Rail,"Burnaby, BC, CA",https://ca.indeed.com/viewjob?jk=726e12781e5f03dc,2026-07-13 01:06:10.089000,100,hard gate: eligible IT listing,company_site,METRO_VAN,
indeed,it,queued,Co-op/Intern – Forensic Disputes & Investigation (FDI) Calgary or Vancouver | January – April 2027,BDO,"Vancouver, BC, CA",https://ca.indeed.com/viewjob?jk=234f625dea318990,2026-07-13 01:06:10.081000,100,hard gate: eligible IT listing,company_site,METRO_VAN,
indeed,it,queued,Benefits Coordinator,IREN,"Vancouver, BC, CA",https://ca.indeed.com/viewjob?jk=1ff88eacf6c20666,2026-07-13 01:06:10.073000,100,hard gate: eligible IT listing,unverified,METRO_VAN,
indeed,it,queued,Guest Service Associate - PT (Langley),Otter Co-op,"Langley, BC, CA",https://ca.indeed.com/viewjob?jk=43af43cf5df011ea,2026-07-13 01:06:10.067000,100,hard gate: eligible IT listing,easy_apply,METRO_VAN,
indeed,it,queued,"Director, Business Development & Partnerships",Eton College,"Vancouver, BC, CA",https://ca.indeed.com/viewjob?jk=6211286e7fe759ed,2026-07-13 01:06:10.060000,100,hard gate: eligible IT listing,easy_apply,METRO_VAN,
indeed,it,queued,Grocery Associate - PT (26-196),Otter Co-op,"Langley, BC, CA",https://ca.indeed.com/viewjob?jk=f41c4195476fad6e,2026-07-13 01:06:10.054000,100,hard gate: eligible IT listing,easy_apply,METRO_VAN,
indeed,it,queued,Senior Seller-Doer PM Water Services,CDM Smith,"Vancouver, BC, CA",https://ca.indeed.com/viewjob?jk=8a8489c6d999eabc,2026-07-13 01:06:10.044000,100,hard gate: eligible IT listing,unverified,METRO_VAN,
indeed,it,queued,Materials Testing Technician/Salesperson,Sitefox Surveying and Testing Ltd.,"Langley, BC, CA",https://ca.indeed.com/viewjob?jk=692a6f23ca6fded8,2026-07-13 01:06:10.034000,100,hard gate: eligible IT listing,easy_apply,METRO_VAN,
indeed,it,queued,Senior Contracts Specialist,Teck Resources Limited,"Vancouver, BC, CA",https://ca.indeed.com/viewjob?jk=4fdfb5aaadde0265,2026-07-13 01:06:10.028000,100,hard gate: eligible IT listing,unverified,METRO_VAN,
indeed,it,queued,Document Controller / Scanning Specialist,Systematix,"Vancouver, BC, CA",https://ca.indeed.com/viewjob?jk=ea130c13b0e9376b,2026-07-13 01:06:10.021000,100,hard gate: eligible IT listing,easy_apply,METRO_VAN,
indeed,it,queued,R&D Engineer (Pilot Plant Engineer),Mangrove Lithium,"Delta, BC, CA",https://ca.indeed.com/viewjob?jk=1aec55dad00ce38e,2026-07-13 01:06:10.015000,100,hard gate: eligible IT listing,company_site,METRO_VAN,
indeed,it,queued,Development Director (Technical Delivery Manager) - Creative Innovation,Electronic Arts,"Vancouver, BC, CA",https://ca.indeed.com/viewjob?jk=38dfa7414b9fc25c,2026-07-13 01:06:10.006000,100,hard gate: eligible IT listing,unverified,METRO_VAN,
indeed,it,queued,Field Engineer,Quattro Constructors,"Lower Mainland, BC, CA",https://ca.indeed.com/viewjob?jk=435c6f2a51f4a7e3,2026-07-13 01:06:09.981000,100,hard gate: eligible IT listing,easy_apply,METRO_VAN,
indeed,it,queued,Junior Electrical Project Engineer,Saltworks Technologies,"Richmond, BC, CA",https://ca.indeed.com/viewjob?jk=535bdb7224c75e99,2026-07-13 01:06:09.966000,100,hard gate: eligible IT listing,easy_apply,METRO_VAN,
indeed,it,queued,Planner II (Design Build),Seaspan ULC,"North Vancouver, BC, CA",https://ca.indeed.com/viewjob?jk=b5324f03e66f514f,2026-07-13 01:06:09.956000,100,hard gate: eligible IT listing,company_site,METRO_VAN,
indeed,it,queued,"Senior Software Developer, C++",Motorola Solutions,"Vancouver, BC, CA",https://ca.indeed.com/viewjob?jk=522cbdbb464987a2,2026-07-13 01:06:09.949000,100,hard gate: eligible IT listing,company_site,METRO_VAN,
indeed,it,queued,Project Field Engineer - PL#41796,Peter Lucas Project Management Inc.,"Vancouver, BC, CA",https://ca.indeed.com/viewjob?jk=741d6e0eb9f95765,2026-07-13 01:06:09.941000,100,hard gate: eligible IT listing,company_site,METRO_VAN,
indeed,it,queued,"Senior Full Stack Software Engineer (ON, BC, or AB)",Square One Insurance Services Inc.,"Vancouver, BC, CA",https://ca.indeed.com/viewjob?jk=dadef6f81fda1f64,2026-07-13 01:06:09.933000,100,hard gate: eligible IT listing,company_site,METRO_VAN,
indeed,it,queued,Senior Software Developer C++,Quest Global,"Vancouver, BC, CA",https://ca.indeed.com/viewjob?jk=077e462ec645ee22,2026-07-13 01:06:09.925000,100,hard gate: eligible IT listing,unverified,METRO_VAN,
indeed,it,queued,"Senior Software Engineer, Development Platform",Parallel Domain,"Vancouver, BC, CA",https://ca.indeed.com/viewjob?jk=8c36ca503445a05f,2026-07-13 01:06:09.918000,100,hard gate: eligible IT listing,company_site,METRO_VAN,
indeed,it,queued,Senior Process Engineer- Mining,Fluor Corp.,"Vancouver, BC, CA",https://ca.indeed.com/viewjob?jk=9752468b700558a5,2026-07-13 01:06:09.911000,100,hard gate: eligible IT listing,unverified,METRO_VAN,
indeed,it,queued,"Graduate Intern, Systems R&D",Stryker,"Burnaby, BC, CA",https://ca.indeed.com/viewjob?jk=84812111726226da,2026-07-13 01:06:09.905000,100,hard gate: eligible IT listing,unverified,METRO_VAN,
indeed,it,queued,Electrical Design Engineer or Electrical Design Technologist - CAN-1052,PBX Engineering Ltd.,"Vancouver, BC, CA",https://ca.indeed.com/viewjob?jk=dd82bee0aca5834d,2026-07-13 01:06:09.899000,100,hard gate: eligible IT listing,unverified,METRO_VAN,
indeed,it,queued,Software Development Engineer in Test II (SDET II),Best Buy,"Vancouver, BC, CA",https://ca.indeed.com/viewjob?jk=4dc553f0a3adab9f,2026-07-13 01:06:09.869000,100,hard gate: eligible IT listing,unverified,METRO_VAN,
indeed,it,queued,Project Field Engineer - PL#41796,Peter Lucas Project Management Inc.,"Surrey, BC, CA",https://ca.indeed.com/viewjob?jk=1911a57adae12440,2026-07-13 01:06:09.843000,100,hard gate: eligible IT listing,easy_apply,METRO_VAN,
indeed,it,queued,Senior Frontend Engineer,Roofr,"Vancouver, BC, CA",https://ca.indeed.com/viewjob?jk=3074f1e2f9adca46,2026-07-13 01:06:09.810000,100,hard gate: eligible IT listing,easy_apply,METRO_VAN,
indeed,it,queued,Electronics Design Engineer,Norsat International Inc.,"Richmond, BC, CA",https://ca.indeed.com/viewjob?jk=7368cd2d2eace19a,2026-07-13 01:06:09.801000,100,hard gate: eligible IT listing,easy_apply,METRO_VAN,
indeed,it,queued,"Senior Business Analyst, AO Services and PMO - PDHIS",Provincial Health Services Authority (PHSA),"Burnaby, BC, CA",https://ca.indeed.com/viewjob?jk=2d12e3b54efb974d,2026-07-13 01:06:09.791000,100,hard gate: eligible IT listing,unverified,METRO_VAN,
indeed,it,queued,"Specialist, Virtual Health",Provincial Health Services Authority (PHSA),"Burnaby, BC, CA",https://ca.indeed.com/viewjob?jk=9ea3914726a9437c,2026-07-13 01:06:09.777000,100,hard gate: eligible IT listing,unverified,METRO_VAN,
indeed,it,queued,"Project Coordinator, Primary Care and Prevention",Provincial Health Services Authority (PHSA),"Vancouver, BC, CA",https://ca.indeed.com/viewjob?jk=689370d9b07df7ca,2026-07-13 01:06:09.764000,100,hard gate: eligible IT listing,unverified,METRO_VAN,
indeed,it,queued,Business Analyst - Regional Home & Community Care/Primary Health Care/Regional Care Integration,Fraser Health,"Surrey, BC, CA",https://ca.indeed.com/viewjob?jk=d5a82dfd76e076cd,2026-07-13 01:06:09.748000,100,hard gate: eligible IT listing,unverified,METRO_VAN,
indeed,it,queued,"Manager, Financial Planning and Analysis",Provincial Health Services Authority (PHSA),"Vancouver, BC, CA",https://ca.indeed.com/viewjob?jk=1951630f007d4ec8,2026-07-13 01:06:09.735000,100,hard gate: eligible IT listing,unverified,METRO_VAN,
indeed,it,queued,ISL 27R - Senior Security Analyst,BC Public Service,"Burnaby, BC, CA",https://ca.indeed.com/viewjob?jk=073f0f3632cb7438,2026-07-13 01:06:09.723000,100,hard gate: eligible IT listing,unverified,METRO_VAN,
indeed,it,queued,Infrastructure and Environments (BASIS) Analyst,Teck Resources Limited,"Vancouver, BC, CA",https://ca.indeed.com/viewjob?jk=57f5095bcbc1499a,2026-07-13 01:06:09.717000,100,hard gate: eligible IT listing,unverified,METRO_VAN,
indeed,it,queued,QA Specialist,QHR Technologies,"Vancouver, BC, CA",https://ca.indeed.com/viewjob?jk=45623ab53407388b,2026-07-13 01:06:09.713000,100,hard gate: eligible IT listing,easy_apply,METRO_VAN,
indeed,it,queued,Business Analyst – Financial Planning & Analysis,Provincial Health Services Authority (PHSA),"Vancouver, BC, CA",https://ca.indeed.com/viewjob?jk=ef7ffb4f7a0957da,2026-07-13 01:06:09.708000,100,hard gate: eligible IT listing,unverified,METRO_VAN,
indeed,it,queued,"Practice Lead, Geomatics & GIS",PRI Consultants,"Surrey, BC, CA",https://ca.indeed.com/viewjob?jk=513e947ebbee9448,2026-07-13 01:06:09.697000,100,hard gate: eligible IT listing,company_site,METRO_VAN,
indeed,it,queued,QA Analyst - Intermediate,Insurance Corporation of British Columbia,"North Vancouver, BC, CA",https://ca.indeed.com/viewjob?jk=54505aa2d6385411,2026-07-13 01:06:09.688000,100,hard gate: eligible IT listing,unverified,METRO_VAN,
indeed,it,queued,Senior Quality Assurance Analyst,Langara College,"Vancouver, BC, CA",https://ca.indeed.com/viewjob?jk=23b391d0eb5496f1,2026-07-13 01:06:09.636000,100,hard gate: eligible IT listing,company_site,METRO_VAN,
indeed,it,queued,Senior Customer Analytics Manager (Sales & Partnerships),JOBBER,"Vancouver, BC, CA",https://ca.indeed.com/viewjob?jk=04b79a96ec649c32,2026-07-13 01:06:09.604000,100,hard gate: eligible IT listing,company_site,METRO_VAN,
indeed,it,queued,"Manager, Customer Analytics (Sales & Marketing)",JOBBER,"Vancouver, BC, CA",https://ca.indeed.com/viewjob?jk=f846a9ec19e0c3aa,2026-07-13 01:06:09.567000,100,hard gate: eligible IT listing,company_site,METRO_VAN,
indeed,it,queued,Ecommerce Business Analyst,Teifi Digital,"Vancouver, BC, CA",https://ca.indeed.com/viewjob?jk=030b989d218cfd60,2026-07-13 01:06:09.321000,100,hard gate: eligible IT listing,easy_apply,METRO_VAN,
indeed,it,queued,Systems Administrator,Dawson Group,"Remote, CA",https://ca.indeed.com/viewjob?jk=0479089b2f554a65,2026-07-12 22:55:47.234000,85,IT target role,easy_apply,OTHER,
indeed,it,queued,EnerGuide Quality Assurance Specialist,DOMTOR Energy Services,"Remote, CA",https://ca.indeed.com/viewjob?jk=22d22a742b34e091,2026-07-11 06:29:59.685000,85,IT target role,easy_apply,OTHER,outside_metro_remote_easy_apply
indeed,it,queued,QA Engineer – AI Augmented,CodeHire Global Solutions,"Remote, CA",https://ca.indeed.com/viewjob?jk=8e199b4672679d02,2026-07-11 06:26:20.281000,85,IT target role,easy_apply,OTHER,outside_metro_remote_easy_apply
indeed,it,queued,Clinical IT Business Analyst with EPIC & STORK exp. || REMOTE job.,,"Remote, CA",https://ca.indeed.com/viewjob?jk=57db8900780bec79,2026-07-11 06:25:47.317000,85,IT target role,easy_apply,OTHER,outside_metro_remote_easy_apply
indeed,it,queued,Undergraduate Co-op Student – Software Engineer – Large Molecule Discovery - Technology,Amgen,"Burnaby, BC, CA",https://ca.indeed.com/viewjob?jk=a42487bde6f1ee6f,2026-07-11 06:25:47.285000,85,IT target role,unverified,METRO_VAN,metro_van_apply_type_unverified_route_to_verification
indeed,it,queued,Operations Data Analyst,MDA,"Richmond, BC, CA",https://ca.indeed.com/viewjob?jk=20ac392c74fa9737,2026-07-11 06:24:39.850000,85,IT target role,unverified,METRO_VAN,metro_van_apply_type_unverified_route_to_verification
indeed,it,queued,IT Coordinator,RAM,"Vancouver, BC, CA",https://ca.indeed.com/viewjob?jk=3f9c63d75187914f,2026-07-11 02:39:47.174000,85,IT target role,easy_apply,METRO_VAN,metro_van_easy_apply
