platform,job_id,title,company,work_location,date_applied,job_link,experience_required,skills_required,application_type,questions_count,questions_answered_count,hard_disqualifier_flags_count
indeed,b2bc09408eb33da9,IT Technician,Firooz Dental,"North Vancouver, BC",2026-04-08 18:21:11,https://smartapply.indeed.com/beta/indeedapply/form/resume-selection-module/resume-selection,Unknown,In Development,unknown,0,0,0
indeed,c3374135420d0156,Technical Support Analyst III,Family Insurance Solutions,"Vancouver, BC V6E 3P3",2026-04-08 18:22:09,https://smartapply.indeed.com/beta/indeedapply/form/resume-selection-module/resume-selection,5,In Development,unknown,0,0,0
indeed,bfb2922f48ceaf0f,user support technician,Edge Acoustics Ltd.,"Langley, BC V1M 3C9",2026-04-08 18:22:20,https://www.jobbank.gc.ca/jobsearch/jobposting/49205771,3,In Development,unknown,0,0,0
indeed,123a7f18c99cd001,IT Specialist / IT Analyst,Dan-D-Pak,"Richmond, BC V7A 4V1",2026-04-08 18:22:52,https://smartapply.indeed.com/beta/indeedapply/form/resume-selection-module/resume-selection,Unknown,In Development,unknown,0,0,0
indeed,fed17119277b0931,IT Support & Systems Assistant – Construction Operations,WOW Electrical Corporation,"Richmond, BC V6V 1V2",2026-04-08 18:23:34,https://smartapply.indeed.com/beta/indeedapply/form/resume-selection-module/resume-selection,Unknown,In Development,unknown,0,0,0
indeed,ce4a8742a03e8375,"Biomedical Remote Systems Administrator - Vancouver, B.C. area",Optum,"Vancouver, BC",2026-04-08 18:24:06,https://smartapply.indeed.com/beta/indeedapply/form/resume-selection-module/resume-selection,2,In Development,unknown,0,0,0
indeed,e0ae6dcb7cb14a12,user support technician,Great River Financial Services Inc,"Vancouver, BC",2026-04-08 18:24:12,https://www.jobbank.gc.ca/jobsearch/jobposting/49240318,3,In Development,unknown,0,0,0
indeed,a8c241e006077765,Support Engineer,Amazon Development Centre Canada ULC,"Vancouver, BC",2026-04-08 18:24:23,https://www.amazon.jobs/en/jobs/10386220/support-engineer?cmpid=DA_INAD200785B,2,In Development,unknown,0,0,0
indeed,cbda055b041092c5,Level 1 IT Support Specialist,Park West Professional Services,"Surrey, BC V3W 1J8",2026-04-08 18:25:01,https://smartapply.indeed.com/beta/indeedapply/form/resume-selection-module/resume-selection,Unknown,In Development,unknown,0,0,0
indeed,cf42d7edb4a6a224,IT Specialist (Client-Facing),Smart Label Solutions Inc.,"Burnaby, BC",2026-04-08 18:26:49,https://smartapply.indeed.com/beta/indeedapply/form/resume-selection-module/resume-selection,Unknown,In Development,unknown,0,0,0
indeed,2b24a81dcd090fa6,Technical Account Manager,Fortinet,"Burnaby, BC V5C 6C6",2026-04-08 18:29:40,https://edel.fa.us2.oraclecloud.com/hcmUI/CandidateExperience/en/sites/CX_2001/job/22500,Unknown,In Development,unknown,0,0,0
indeed,1a196b3fd31d6737,Desktop Systems Specialist I - ILM Vancouver,Disney,"Vancouver, BC",2026-04-08 18:39:30,https://jobs.disneycareers.com/job/vancouver/desktop-systems-specialist-i-ilm-vancouver/391/93685987264?codes=INDEED,2,In Development,unknown,0,0,0
indeed,dc4f246289e5fe98,Systems Administrator & Full-Stack Engineer,King Brand Healthcare Products Ltd,"North Vancouver, BC",2026-04-08 18:40:19,https://smartapply.indeed.com/beta/indeedapply/form/resume-selection-module/resume-selection,Unknown,In Development,unknown,0,0,0
indeed,2a045e60324236c4,Service Technician,Precise ParkLink Inc.,"Burnaby, BC V5J 4M5",2026-04-08 18:40:50,https://smartapply.indeed.com/beta/indeedapply/form/resume-selection-module/resume-selection,Unknown,In Development,unknown,0,0,0
indeed,6540b97f39d2e538,Network Administrator,Terra Dygital Solutions Inc.,"Vancouver, BC",2026-04-08 18:41:00,https://terradygital.applytojobs.ca/vancouver/46668,3,In Development,unknown,0,0,0
indeed,ac7a30242a2616fb,Cloud Integration Engineer - Remote,Optum,"Vancouver, BC",2026-04-08 18:42:45,https://smartapply.indeed.com/beta/indeedapply/form/resume-selection-module/resume-selection,3,In Development,unknown,0,0,0
indeed,1d42b75b1c903aec,Junior AI Specialist,Fortinet,"Burnaby, BC V5C 6C6",2026-04-08 18:43:34,https://edel.fa.us2.oraclecloud.com/hcmUI/CandidateExperience/en/sites/CX_2001/job/22633,0,In Development,unknown,0,0,0
indeed,592860877deca6a7,Data Analyst - Game Development Analytics (TFT),Electronic Arts,"Vancouver, BC",2026-04-08 18:43:45,https://jobs.ea.com/en_US/careers/JobDetail/Data-Analyst-Game-Development-Analytics-TFT/213580?jobPipeline=Indeed,Unknown,In Development,unknown,0,0,0
indeed,39868a72654fc03f,"Workforce Analyst, Workforce Management Solutions",PHSA,"Burnaby, BC",2026-04-08 18:43:51,https://jobs.phsa.ca/job/workforce-analyst-workforce-management-solutions,Unknown,In Development,unknown,0,0,0
indeed,8beb2b6b131c8094,"Technical Assistant, Commercial Lines",SPG Canada,"Vancouver, BC V7Y 1K8",2026-04-08 18:46:45,https://smartapply.indeed.com/beta/indeedapply/form/resume-selection-module/resume-selection,1,In Development,unknown,0,0,0
indeed,7135e06d354575b4,user support technician,PDN EXPRESS CA LTD,"Richmond, BC V7A 4X1",2026-04-08 18:47:22,https://www.jobbank.gc.ca/jobsearch/jobposting/49240620,3,In Development,unknown,0,0,0
indeed,5a973e9c711cc394,business systems analyst,New Profession SVA Collision,"Richmond, BC V6V 1J5",2026-04-08 18:50:38,https://www.jobbank.gc.ca/jobsearch/jobposting/49207975,5,In Development,unknown,0,0,0
indeed,88491cc68a8ddacb,Information Security Analyst,Fraser Health,"Surrey, BC V3V 1Z2",2026-04-08 18:51:25,https://smartapply.indeed.com/beta/indeedapply/form/review-module,5,In Development,unknown,0,0,0
indeed,e8b39f9719470782,Technical Support Analyst (Tier 1),Motorola Solutions,"Vancouver, BC",2026-04-11 21:13:39,https://motorolasolutions.wd5.myworkdayjobs.com/en-US/Careers/job/Vancouver-Canada/Technical-Support-Analyst--Tier-1-_R63525?source=APPLICANT_SOURCE-6-250,1,In Development,unknown,0,0,0
indeed,d1320ec577ef6084,computer technician,EC Trading Inc.,"Delta, BC V3M 6M5",2026-04-11 21:13:46,https://www.jobbank.gc.ca/jobsearch/jobposting/49225679,1,In Development,unknown,0,0,0
indeed,f0a2b23bbe0cd173,Business Support Assistant,Simply Computing,"Vancouver, BC V6J 1X6",2026-04-11 21:14:40,https://smartapply.indeed.com/beta/indeedapply/form/resume-selection-module/resume-selection,2,In Development,unknown,0,0,0
indeed,ef0c67732794e9a8,Asset Information System Analyst 1 (6 month FTT),BC Hydro,"Burnaby, BC V3N 4X8",2026-04-11 21:14:48,https://app.bchydro.com/sap/bc/webdynpro/sap/hrrcf_a_posting_apply?PARAM=cG9zdF9pbnN0X2d1aWQ9M0ExODRDMTRBMTBCMUZEMThEQTVDMzJDMkNFOTQwNUYmY2FuZF90eXBlPUVYVA%3d%3d&sap-theme=sap_belize&sap-client=100&sap-language=EN&sap-accessibility=X&saml2=disabled&sap-theme=sap_belize&sap-wd-configid=ZHRRCF_A_UNREG_JOB_SEARCH,4,In Development,unknown,0,0,0
indeed,862aa960aa260e05,Network Technician,On Demand IT Solutions Inc.,"Vancouver, BC",2026-04-11 21:15:23,https://smartapply.indeed.com/beta/indeedapply/form/resume-selection-module/resume-selection,Unknown,In Development,unknown,0,0,0
indeed,41739866db7ee79f,Finance Systems Analyst,Convoy Supply,"Surrey, BC V3W 7X4",2026-04-11 21:16:11,https://smartapply.indeed.com/beta/indeedapply/form/resume-selection-module/resume-selection,5,In Development,unknown,0,0,0
indeed,92cc14387cfb3d3c,"Manager, Salesforce",BCAA,"Burnaby, BC V5G 4T1",2026-04-11 21:16:16,https://bcaa.wd3.myworkdayjobs.com/en-US/bcaacareers/job/Head-Office/Manager--Salesforce_REQ-6161,6,In Development,unknown,0,0,0
indeed,55efa42532a123b3,AI Business Systems Analyst,First West Credit Union,"Langley, BC",2026-04-11 21:16:25,https://fa-eomj-saasfaprod1.fa.ocs.oraclecloud.com/hcmUI/CandidateExperience/en/sites/CX_1001/job/3667,3,In Development,unknown,0,0,0
indeed,2408e3ef1166c30f,Data Analyst,London Drugs Limited,"Richmond, BC V7A 4X5",2026-04-11 21:16:37,https://smartapply.indeed.com/beta/indeedapply/form/resume-selection-module/resume-selection,Unknown,In Development,unknown,0,0,0
indeed,89de33e243789b62,Master Data Management Analyst and Specialist,London Drugs Limited,"Richmond, BC V7A 4X5",2026-04-11 21:16:58,https://smartapply.indeed.com/beta/indeedapply/form/resume-selection-module/resume-selection,Unknown,In Development,unknown,0,0,0
indeed,2796f4472d1acbcf,Business Systems Analyst,City of Delta,"Delta, BC",2026-04-11 21:19:29,https://www.civicjobs.ca/jobs?id=112576&linktype=ind,5,In Development,unknown,0,0,0
indeed,c3460bf0450557f0,Network & Security Consultant,Accenture,"Vancouver, BC",2026-04-11 21:19:42,https://www.accenture.com/ca-en/careers/jobdetails?id=R00322477_en,3,In Development,unknown,0,0,0
indeed,c692f343ae7d924c,Network & Security Consultant,Accenture,"Vancouver, BC",2026-04-11 21:19:47,https://www.accenture.com/ca-en/careers/jobdetails?id=R00322479_en,5,In Development,unknown,0,0,0
indeed,45686c23384902c6,Proposal Analyst,"Connor, Clark & Lunn Financial Group","Vancouver, BC",2026-04-11 21:19:52,https://cclfg.cclgroup.com/careers/opportunities/posting/?gnk=job&gni=8a78839f9b1376bd019ba44feb7072c8&gns=Indeed+Free,4,In Development,unknown,0,0,0
indeed,c44f0d0bff414dc4,"Logistics Attendant, Supply Chain Operations (Casual)",PHSA,"Vancouver, BC",2026-04-11 21:20:00,https://jobs.phsa.ca/job/logistics-attendant-supply-chain-operations-casual,Unknown,In Development,unknown,0,0,0
indeed,bc604649bff250d1,"Biostatistical Analyst, Clinical Support - BC Children’s Hospital Research Institute",BC Children's Hospital,"Vancouver, BC",2026-04-11 21:20:05,https://jobs.phsa.ca/job/biostatistical-analyst-clinical-support-bc-childrens-hospital-research-institute,2,In Development,unknown,0,0,0
indeed,b56251eab5c64e4c,Software Engineer (Temp),Ravenwake Games,"Vancouver, BC",2026-04-11 21:25:08,https://smartapply.indeed.com/beta/indeedapply/form/resume-selection-module/resume-selection,4,In Development,unknown,0,0,0
indeed,b66f4e3a070c643f,AI Software Engineer,TrustFlight,"Vancouver, BC",2026-04-11 21:27:23,https://smartapply.indeed.com/beta/indeedapply/form/resume-selection-module/resume-selection,3,In Development,unknown,0,0,0
indeed,715b38e8842cff81,Web Developer (Temp),Ravenwake Games,"Vancouver, BC",2026-04-11 21:28:21,https://smartapply.indeed.com/beta/indeedapply/form/resume-selection-module/resume-selection,Unknown,In Development,unknown,0,0,0
indeed,b8cbfb013329b333,Site Reliability Engineer II,Axon,"Vancouver, BC",2026-04-11 21:30:33,https://smartapply.indeed.com/beta/indeedapply/form/resume-selection-module/resume-selection,5,In Development,unknown,0,0,0
indeed,7e0084c364c46f89,Software Developer (Burnaby),Clio,"Burnaby, BC",2026-04-11 21:30:42,https://clio.wd3.myworkdayjobs.com/en-US/ClioCareerSite/job/Burnaby/Software-Developer--Burnaby-_REQ-4858,10,In Development,unknown,0,0,0
indeed,514bef91311d6938,Software Engineer,Electronic Arts,"Vancouver, BC",2026-04-11 21:30:48,https://jobs.ea.com/en_US/careers/JobDetail/Software-Engineer/211386?jobPipeline=Indeed,3,In Development,unknown,0,0,0
indeed,9e52a0c1f86f395d,Senior Backend Engineer,Remote,"Vancouver, BC",2026-04-11 21:31:02,https://job-boards.greenhouse.io/remotecom/jobs/7696205003?gh_src=498tpk3z3us,Unknown,In Development,unknown,0,0,0
indeed,4a36ce469f39ce41,systems architect,NU STREAM REALTY INC.,"Burnaby, BC V5H 4T8",2026-04-11 21:31:12,https://www.jobbank.gc.ca/jobsearch/jobposting/49263187,5,In Development,unknown,0,0,0
indeed,9cee9a77ccb1dd54,"Software Development Engineer II, Amazon Traffic Engineering",Amazon Development Centre Canada ULC,"Vancouver, BC",2026-04-11 21:31:17,https://www.amazon.jobs/en/jobs/10389066/software-development-engineer-ii-amazon-traffic-engineering?cmpid=DA_INAD200785B,3,In Development,unknown,0,0,0
indeed,d9762c4cf2b8b703,Workday Developer,Best Buy Canada,"Vancouver, BC V5Y 3X7",2026-04-11 21:31:36,https://bestbuycanada.thejobnetwork.com/Job/603195033?etd=MUVP6CXQ22IN5I4LJX2RYRTMSQMBS4CDBM7MCPRPBMH2NKFFVT2KYZ3E7XGT5IRDV44OQIK7Y2ZLSH477ROK3XLNKLX4S7I2SWQEENDRWTD5YY3T7JFA%3d%3d%3d%3d&8020672_direct_2026_04_04_10_30_56_728_987611&ittk=CG1IIMMOSA,1,In Development,unknown,0,0,0
indeed,43182480feb6d451,Automated Optical Inspection (AOI) Programmer Operator,Analytic Systems Ware (1993) Ltd.,"Delta, BC V4G 1K5",2026-04-11 21:32:13,https://smartapply.indeed.com/beta/indeedapply/form/resume-selection-module/resume-selection,3,In Development,unknown,0,0,0
indeed,3a23af25014634ea,Embedded Firmware Engineer,OSENSA Innovations Corp.,"Burnaby, BC V5A 4N7",2026-04-11 21:33:50,https://smartapply.indeed.com/beta/indeedapply/form/resume-selection-module/resume-selection,5,In Development,unknown,0,0,0
indeed,7f5c7551d614f3d6,IT Manager,Offworld industries,"New Westminster, BC V3M 1B2",2026-04-11 21:34:43,https://owi.bamboohr.com/careers/186?source=indeed&src=indeed&postedDate=2026-04-10,6,In Development,unknown,0,0,0
indeed,5d11258fe271cb11,Forward Deployed Engineer,Fujitsu,"Vancouver, BC",2026-04-11 21:34:49,https://www.jobs.global.fujitsu.com/job/Forward-Deployed-Engineer/6847-en_US?source=IND%20&src=JB-10800,Unknown,In Development,unknown,0,0,0
indeed,b67462b77d27dfb2,Product Management Intern,Electronic Arts,"Vancouver, BC",2026-04-11 21:34:56,https://jobs.ea.com/en_US/careers/JobDetail/Product-Management-Intern/210908?jobPipeline=Indeed,Unknown,In Development,unknown,0,0,0
indeed,c8368aa4af34cfa3,"Temporary Web Developer & Designer (In-Office) Surrey / Langley / Delta, BC",DLC A.I.M.I. Collective Mortgage Group,"Surrey, BC V3W 1A4",2026-04-11 21:35:53,https://smartapply.indeed.com/beta/indeedapply/form/resume-selection-module/resume-selection,Unknown,In Development,unknown,0,0,0
indeed,571f6d10f935cb28,Staff Salesforce Developer,Nutanix,"Vancouver, BC V5K 0A1",2026-04-11 21:35:59,https://jobs.jobvite.com/careers/nutanix/job/oOIXzfwM?__jvst=JB%20-%20Job%20Board&__jvsd=Indeed,8,In Development,unknown,0,0,0
indeed,8b337833caa8925a,Full-Stack Software Engineer I,Electronic Arts,"Vancouver, BC",2026-04-11 21:36:28,https://jobs.ea.com/en_US/careers/JobDetail/Full-Stack-Software-Engineer-I/213633?jobPipeline=Indeed,1,In Development,unknown,0,0,0
indeed,1f6be4c202f9081a,Microsoft Dynamics 365 F&O Developer,WhiteWater West-,"Richmond, BC V6W 1J3",2026-04-11 21:38:28,https://smartapply.indeed.com/beta/indeedapply/form/resume-selection-module/resume-selection,3,In Development,unknown,0,0,0
indeed,7899bb2c0d019615,Mechatronics Engineer – Autonomous Systems,SkyScouter,"Port Coquitlam, BC",2026-04-12 22:58:22,https://smartapply.indeed.com/beta/indeedapply/form/contact-info-module,Unknown,In Development,unknown,0,0,0
indeed,43603482e7cbfc4b,Computer Science Teacher,Forbest Academy,"Vancouver, BC V6J 4W6",2026-04-12 23:00:31,https://smartapply.indeed.com/beta/indeedapply/form/contact-info-module,3,In Development,unknown,0,0,0
indeed,b5450b96ff2e8fd8,Statistician,BC Centre for Excellence in HIV/AIDS,"Vancouver, BC",2026-04-12 23:02:03,https://ca.indeed.com/viewjob?cmp=BC-Centre-for-Excellence-in-HIV%252FAIDS&t=Statistician&jk=b5450b96ff2e8fd8&xpse=SoCP67I3kClkq-AW1D0LbzkdCdPP&xfps=6f148d55-93bb-4e1b-9adb-4c08c4dbd647&xkcb=SoCc67M3kClSGuSEGp0JbzkdCdPP&vjs=3&applied=1&from=smart-apply,5,In Development,unknown,0,0,0
indeed,9cb3a33c932ef05b,Canada Summer Jobs - Recreation Programmer,Canuck Place Children's Hospice,"Vancouver, BC",2026-04-16 22:27:12,https://canuckplace.startdate.ca/#/career/info/public/327?language=en,Unknown,In Development,unknown,0,0,0
indeed,0071f9d8a0013249,Systems Software Engineer - EA SPORTS FC,Electronic Arts,"Vancouver, BC",2026-04-16 22:28:40,https://jobs.ea.com/en_US/careers/JobDetail/Systems-Software-Engineer-EA-SPORTS-FC/213159?jobPipeline=Indeed,5,In Development,unknown,0,0,0
indeed,17081c565e4316b7,Software Quality Automation Engineer - Apple Services Engineering,Apple,"Vancouver, BC",2026-04-16 22:28:52,https://jobs.apple.com/en-ca/details/200657538-3350/software-quality-automation-engineer-apple-services-engineering?board_id=JB001&rx_a=0&rx_c=&rx_ch=jobp4p&rx_group=122365&rx_id=8cb8da8c-38a5-11f1-943b-6fd9195e46b0&rx_job=200657538-3350_EN_rxr-663&rx_medium=cpc&rx_r=none&rx_source=indeed&rx_ts=20260417T040407Z&rx_vp=cpc&team=SFTWR&cid=aggregators_re+co_global_indeed_nationwide_organic&board_id=JB001&rx_p=DVYYJR41XB,5,In Development,unknown,0,0,0
indeed,045de20159e15c16,Full Stack Developer,Core Services Inc,"Vancouver, BC",2026-04-16 22:35:16,https://smartapply.indeed.com/beta/indeedapply/form/resume-selection-module/resume-selection,5,In Development,unknown,0,0,0
indeed,ec87e5fe2a36acf3,Software Developer,Motorola Solutions,"Vancouver, BC",2026-04-16 22:35:46,https://motorolasolutions.wd5.myworkdayjobs.com/en-US/Careers/job/Vancouver-Canada/Software-Developer_R63268?source=APPLICANT_SOURCE-6-250,Unknown,In Development,unknown,0,0,0
indeed,0f0f339a803c28bb,Software Architect,Step.co,"North Vancouver, BC V7L 1B3",2026-04-16 22:36:27,https://smartapply.indeed.com/beta/indeedapply/form/resume-selection-module/resume-selection,5,In Development,unknown,0,0,0
indeed,ca04a73ccaf86e50,Automation Engineer,TELUS Digital,"Vancouver, BC",2026-04-16 22:36:40,https://jobs.ashbyhq.com/telus-digital/ad1d800e-5f44-4def-8adf-a1519b3ffb84?utm_source=MYODkQkbGg,5,In Development,unknown,0,0,0
indeed,6024b0766550ed72,Software Developer - Enterprise Dashboard (Hybrid),Cisco Systems,"Vancouver, BC",2026-04-16 22:36:46,https://careers.cisco.com/global/en/job/2010279,7,In Development,unknown,0,0,0
indeed,a6627e49dee1332c,Senior Staff Engineer,Royal Bank of Canada,"Vancouver, BC V6E 3V5",2026-04-16 22:37:02,https://jobs.rbc.com/ca/en/job/R-0000164171?rx_a=0&rx_c=&rx_ch=jobp4p&rx_group=300081&rx_id=0cbc60c2-39b2-11f1-8db7-4771f2a1a307&rx_job=R-0000164171&rx_medium=cpc&rx_r=none&rx_source=indeed&rx_ts=20260417T040407Z&rx_vp=cpc&source=APPLICANT_SOURCE_INDEEDORGANIC&utm_medium=cpc&utm_source=indeedorganic&utm_source=indeed&utm_medium=organic_job&jobPipeline=Indeed&rx_p=O6NY8UCPMG&rx_viewer=74eafbc53a1f11f1bebf89d900aa93019b83644118c44d7399a6defc4c9739a2,10,In Development,unknown,0,0,0
indeed,4479a005e7386c57,Shopify Developer,Summit Tools,"Burnaby, BC",2026-04-16 23:10:31,https://smartapply.indeed.com/beta/indeedapply/form/resume-selection-module/resume-selection,2,In Development,unknown,0,0,0
indeed,4a2c8d160cfab18e,Frontend Developer (Typescript / React),LOD Technologies Inc.,"Vancouver, BC",2026-04-16 23:11:42,https://smartapply.indeed.com/beta/indeedapply/form/resume-selection-module/resume-selection,Unknown,In Development,unknown,0,0,0
indeed,0ab30bd4b6ecdafd,Frontend Developer - Next.js,Appnovation Technologies,"Vancouver, BC",2026-04-16 23:12:23,https://smartapply.indeed.com/beta/indeedapply/form/resume-selection-module/resume-selection,Unknown,In Development,unknown,0,0,0
indeed,ed8ffe1918a73d36,"Lead Software Engineer, Tactical Shooter (Unreal Engine 5)",Blackbird Interactive,"Vancouver, BC",2026-04-16 23:12:44,https://jobs.lever.co/blackbirdinteractive/f6424ce6-e459-4938-9186-9c3db4141e17?lever-source=Indeed,5,In Development,unknown,0,0,0
indeed,1572a6698b2f1b1a,Software Engineer C++ - Frostbite Integrations,Electronic Arts,"Vancouver, BC",2026-04-16 23:12:54,https://jobs.ea.com/en_US/careers/JobDetail/Software-Engineer-Frostbite-Integrations/213619?jobPipeline=Indeed,4,In Development,unknown,0,0,0
indeed,e021b109d7bbec03,Junior UX/UI Designer (12-Month Contract),ALS,"Vancouver, BC",2026-04-16 23:25:50,https://alsglobal.wd103.myworkdayjobs.com/en-US/External/job/Vancouver-British-Columbia-Canada/Junior-UX-UI-Designer--12-Month-Contract-_R5248,1,In Development,unknown,0,0,0
indeed,f1e2d3c4b5a67890,Junior UX/UI Designer (12-Month Contract),ALS,"Vancouver, BC",2026-04-16 23:32:01,https://alsglobal.wd103.myworkdayjobs.com/en-US/External/job/Vancouver-British-Columbia-Canada/Junior-UX-UI-Designer--12-Month-Contract-_R5248,Unknown,In Development,unknown,0,0,0
indeed,b39670b8a15dbb37,Junior Microsoft SharePoint Developer,West X Business Solutions,"Vancouver, BC",2026-04-17 20:06:27,https://smartapply.indeed.com/beta/indeedapply/form/review-module,2,In Development,unknown,0,0,0
indeed,265dddfb898548f9,Full-Stack Growth Engineer,Peakflow Digital Consulting Inc.,"Vancouver, BC",2026-04-17 20:07:43,https://smartapply.indeed.com/beta/indeedapply/form/resume-selection-module/resume-selection,Unknown,In Development,unknown,0,0,0
indeed,3598f9719c10a444,Web designer,ZOMI,"Vancouver, BC",2026-04-17 20:08:12,https://www.jobbank.gc.ca/jobsearch/jobposting/49353555,5,In Development,unknown,0,0,0
indeed,18ac7b8161b1f05c,Software Engineer Intern - Fall,Electronic Arts,"Vancouver, BC",2026-04-17 20:08:21,https://jobs.ea.com/en_US/careers/JobDetail/Software-Engineer-Intern/210894?jobPipeline=Indeed,Unknown,In Development,unknown,0,0,0
indeed,6516e98fd4bfb339,Senior Machine Learning Engineer,Clio,"Vancouver, BC",2026-04-17 20:08:47,https://clio.wd3.myworkdayjobs.com/en-US/ClioCareerSite/job/Vancouver/Senior-Machine-Learning-Engineer_BF-REQ-2513,10,In Development,unknown,0,0,0
indeed,3291d99ab8a63304,Machine Learning Engineer,Clio,"Vancouver, BC",2026-04-17 20:10:19,https://clio.wd3.myworkdayjobs.com/en-US/ClioCareerSite/job/Vancouver/Machine-Learning-Engineer_BF-REQ-3169,10,In Development,unknown,0,0,0
indeed,fedcba9876543210,Software Developer - Enterprise Dashboard (Hybrid),Cisco Systems,"Vancouver, BC",2026-04-17 20:11:10,https://careers.cisco.com/global/en/job/2010279,Unknown,In Development,unknown,0,0,0
indeed,cdef0123456789ab,"Senior Software Developer, GFT",Royal Bank of Canada,"Vancouver, BC V6E 3V5",2026-04-17 20:11:45,https://jobs.rbc.com/ca/en/job/R-0000166583?rx_a=0&rx_c=&rx_ch=jobp4p&rx_group=300081&rx_id=0c394e56-39b2-11f1-8db7-29294452f81a&rx_job=R-0000166583&rx_medium=cpc&rx_r=none&rx_source=indeed&rx_ts=20260418T020405Z&rx_vp=cpc&source=APPLICANT_SOURCE_INDEEDORGANIC&utm_medium=cpc&utm_source=indeedorganic&utm_source=indeed&utm_medium=organic_job&jobPipeline=Indeed&rx_p=TXC6LOWD3T&rx_viewer=74eafbc53a1f11f1bebf89d900aa93019b83644118c44d7399a6defc4c9739a2,Unknown,In Development,unknown,0,0,0
indeed,789abcdef0123456,Senior Software Engineer,Cover Genius,"Vancouver, BC",2026-04-17 20:13:22,https://careers.kula.ai/covergenius/32782?source=Indeed,Unknown,In Development,unknown,0,0,0
indeed,0f1e2d3c4b5a6978,Software Engineer C++ - Frostbite Integrations,Electronic Arts,"Vancouver, BC",2026-04-17 20:13:53,https://jobs.ea.com/en_US/careers/JobDetail/Software-Engineer-Frostbite-Integrations/213619?jobPipeline=Indeed,Unknown,In Development,unknown,0,0,0
indeed,dd42d7b04454f5ce,Senior UX Designer (6 month contract),Sanctuary AI,"Vancouver, BC",2026-04-17 20:15:31,https://smartapply.indeed.com/beta/indeedapply/form/resume-selection-module/resume-selection,5,In Development,unknown,0,0,0
indeed,aec4ae6613da317c,Technology and AI Enablement Lead,Segev LLP,"Vancouver, BC V6C 1L6",2026-04-17 20:19:53,https://smartapply.indeed.com/beta/indeedapply/form/resume-selection-module/resume-selection,6,In Development,unknown,0,0,0
indeed,e2638ff6e0a7ccc2,IT Security Analyst,Synapsis,"Richmond, BC V6V 3B6",2026-04-17 20:20:36,https://smartapply.indeed.com/beta/indeedapply/form/resume-selection-module/resume-selection,8,In Development,unknown,0,0,0
indeed,47fa4580caa317d3,Desktop Support Analyst,Simon Fraser University,"Burnaby, BC V5A 1S6",2026-04-17 20:20:49,https://tre.tbe.taleo.net/tre01/ats/careers/v2/viewRequisition?org=SIMOFRAS&cws=37&rid=7026,Unknown,In Development,unknown,0,0,0
indeed,e0d00fcd05102ea7,Junior Systems Consultants,Long View Systems,"Vancouver, BC V6C 2X8",2026-04-17 20:21:41,https://jobs.lever.co/lvs1/3e058a16-5c8e-43ce-be0a-98133e8d0730?lever-source=Indeed&lever-source=Indeed,2,In Development,unknown,0,0,0
indeed,c02031941810fcfc,Technician,Simon Fraser University,"Surrey, BC V3T 0A3",2026-04-17 20:23:15,https://tre.tbe.taleo.net/tre01/ats/careers/v2/viewRequisition?org=SIMOFRAS&cws=37&rid=7033,Unknown,In Development,unknown,0,0,0
indeed,925829b423b97960,IT Sales Representative (Break-Fix & Managed IT Services),Xen AI,"Surrey, BC V3R 1J7",2026-04-17 20:24:41,https://smartapply.indeed.com/beta/indeedapply/form/resume-selection-module/resume-selection,5,In Development,unknown,0,0,0
indeed,ba230d36965f6ba6,AI Operations Analyst,Allteck Limited Partnership,"Surrey, BC V4N 3P9",2026-04-17 20:25:32,https://smartapply.indeed.com/beta/indeedapply/form/resume-selection-module/resume-selection,5,In Development,unknown,0,0,0
indeed,b5984282c664e64b,Business Data Analyst (16-Month Contract),Odlum Brown,"Vancouver, BC V6C 3S9",2026-04-17 20:26:41,https://smartapply.indeed.com/beta/indeedapply/form/resume-selection-module/resume-selection,3,In Development,unknown,0,0,0
indeed,890abcdef0123456,Desktop Support Analyst,Simon Fraser University,"Burnaby, BC V5A 1S6",2026-04-17 20:30:56,https://tre.tbe.taleo.net/tre01/ats/careers/v2/viewRequisition?org=SIMOFRAS&cws=37&rid=7026,Unknown,In Development,unknown,0,0,0
indeed,e81f163cf775f234,Technical Support Engineer,Synergy IT Solutions Inc,"Vancouver, BC",2026-04-21 21:53:04,https://smartapply.indeed.com/beta/indeedapply/form/resume-selection-module/resume-selection,Unknown,In Development,unknown,0,0,0
indeed,20086906f6c408a2,Technical Support Specialist,"The New IEM, Llc","Surrey, BC",2026-04-21 21:53:10,https://job-boards.greenhouse.io/industrialelectricmanufacturing/jobs/4218974009,3,In Development,unknown,0,0,0
indeed,cb7ee4b800d25183,Senior Systems Administrator,Cubic Corporation,"Burnaby, BC",2026-04-21 21:53:16,https://cubic.wd1.myworkdayjobs.com/en-US/cubic_USA_careers/job/Burnaby-British-Columbia/Senior-Systems-Administrator_REQ_48499?source=Indeed,Unknown,In Development,unknown,0,0,0
indeed,7a1a260c6517bf28,Technical Support Specialist,Industrial Electric Manufacturing,"Surrey, BC",2026-04-21 21:54:22,https://smartapply.indeed.com/beta/indeedapply/form/resume-selection-module/resume-selection,3,In Development,unknown,0,0,0
indeed,1b5c61ced996949d,IT Support Specialist,ETRO Construction Ltd.,"Vancouver, BC",2026-04-21 21:54:28,https://theapplicantmanager.com/jobs?pos=e3141&src=Indeed,4,In Development,unknown,0,0,0
indeed,ea536f68ee597059,IT Support - Tier 1 - Managed Services Technician,Sea to Sky Network Solutions,"Vancouver, BC V6K 3L1",2026-04-21 21:56:07,https://smartapply.indeed.com/beta/indeedapply/form/resume-selection-module/resume-selection,Unknown,In Development,unknown,0,0,0
indeed,73ea8020f994c684,Finance Ops Analyst,Insurance Corporation of British Columbia,"North Vancouver, BC",2026-04-21 21:56:21,https://careers.icbc.com/job/North-Vancouver-Finance-Ops-Analyst-Brit/601597417/,Unknown,In Development,unknown,0,0,0
indeed,2df4448f1c28335b,"Financial Analyst - Relocate to Port Hardy, BC",K'awat'si Consulting and Management Services,Canada,2026-04-21 21:57:16,https://smartapply.indeed.com/beta/indeedapply/form/resume-selection-module/resume-selection,5,In Development,unknown,0,0,0
indeed,bdc0cdbd9a1b8f02,"Senior Analyst, FP&A",Procurify,"Vancouver, BC",2026-04-21 21:58:26,https://smartapply.indeed.com/beta/indeedapply/form/resume-selection-module/resume-selection,5,In Development,unknown,0,0,0
indeed,abcdef0123456789,IT Support,BC Centre for Excellence in HIV/AIDS,"Vancouver, BC V6A 1H2",2026-04-22 17:37:58,https://smartapply.indeed.com/beta/indeedapply/applybyapplyablejobid?indeedApplyableJobId=8ef346fa-b8d4-4b5c-b661-a506568f1a4c-cGR4cHJvZDE&iaUid=1jmrsai4jjitb801&iststd=1,Unknown,In Development,unknown,0,0,0
indeed,709fa422f1adbc50,IT Analyst,Sustainable Produce Urban Delivery Inc.,"Burnaby, BC V3N 5G4",2026-04-22 17:38:11,https://smartapply.indeed.com/beta/indeedapply/form/resume-selection-module/resume-selection,4,In Development,unknown,0,0,0
indeed,7120c3c47d5ab5e1,Senior Technical Support Engineer,Velora,"Vancouver, BC",2026-04-22 17:39:17,https://smartapply.indeed.com/beta/indeedapply/form/resume-selection-module/resume-selection,7,In Development,unknown,0,0,0
indeed,13b89a065544fedf,Technical Support Engineer,Martell Ventures,"Vancouver, BC",2026-04-22 17:39:31,https://smartapply.indeed.com/beta/indeedapply/form/resume-selection-module/resume-selection,2,In Development,unknown,0,0,0
indeed,1ca5d84f05c86700,information systems manager,Enterprisemarketdesk Inc.,"Vancouver, BC V5R 5W2",2026-04-22 17:39:40,https://www.jobbank.gc.ca/jobsearch/jobposting/49371880,5,In Development,unknown,0,0,0
indeed,0b64e9a65275fe45,Production Support Associate I,Imperial PFS Canada,"Vancouver, BC",2026-04-22 17:39:45,https://ipfscanada.hrmdirect.com/employment/view.php?req=3695841&jbsrc=1014&location=a5cfb56d-460f-391f-c5a1-226ecf6db631,1,In Development,unknown,0,0,0
indeed,311ae2373c7c79d6,Technician,Simon Fraser University,"Vancouver, BC V6B 5K3",2026-04-22 17:39:53,https://tre.tbe.taleo.net/tre01/ats/careers/v2/viewRequisition?org=SIMOFRAS&cws=37&rid=7053,Unknown,In Development,unknown,0,0,0
indeed,b26f28803c0360bb,Risk & Loss Prevention Analyst - Real Estate,Onni Property Management Services Ltd,"Vancouver, BC V5K 0A3",2026-04-22 17:40:39,https://smartapply.indeed.com/beta/indeedapply/form/resume-selection-module/resume-selection,5,In Development,unknown,0,0,0
indeed,75bf248e157e6cc8,Data Analyst,Baptist Housing Seniors Living,"Surrey, BC",2026-04-22 17:42:09,https://smartapply.indeed.com/beta/indeedapply/form/resume-selection-module/resume-selection,Unknown,In Development,unknown,0,0,0
indeed,9d570666d3695335,Operations Data Analyst,Metro Vancouver,"Burnaby, BC",2026-04-22 17:43:33,https://careers.metrovancouver.org/psc/CAREERS/EMPLOYEE/HRMS/c/HRS_HRAM_FL.HRS_CG_SEARCH_FL.GBL?Page=HRS_APP_JBPST_FL&Action=U&Focus=Applicant&JobOpeningId=25529&SiteId=1&PostingSeq=1&source=110&,Unknown,In Development,unknown,0,0,0
indeed,a449f73d75081ee6,PLM System Analyst,Arc'teryx,"North Vancouver, BC",2026-04-22 17:43:56,https://jobs.lever.co/arcteryx.com/a4c6616e-b500-444f-b3de-f1371218f404?lever-source=Indeed,3,In Development,unknown,0,0,0
indeed,066865d8fc81ae82,AI Tech Leader,Martell Ventures,"Vancouver, BC",2026-04-22 17:45:26,https://smartapply.indeed.com/beta/indeedapply/form/resume-selection-module/resume-selection,5,In Development,unknown,0,0,0
indeed,9be71f5157e035f3,"Implementation Specialist, Provisioning",Global Relay,"Vancouver, BC V6B 2M9",2026-04-22 17:48:16,https://smartapply.indeed.com/beta/indeedapply/form/resume-selection-module/resume-selection,1,In Development,unknown,0,0,0
indeed,c8c8ab70be3c4a6e,Implementation Consultant,CartonCloud,"Vancouver, BC",2026-04-22 17:51:04,https://smartapply.indeed.com/beta/indeedapply/form/resume-selection-module/resume-selection,Unknown,In Development,unknown,0,0,0
indeed,123456789abcdef0,"Device Analyst, PDHIS",PHSA,"Vancouver, BC",2026-04-22 17:53:05,https://jobs.phsa.ca/job/device-analyst-pdhis,Unknown,In Development,unknown,0,0,0
indeed,9f9bf37c99519175,Triage Security Analyst (Global Security),Royal Bank of Canada,"Vancouver, BC V6E 3V5",2026-04-22 17:53:13,https://jobs.rbc.com/ca/en/job/R-0000166383?rx_a=0&rx_c=&rx_ch=jobp4p&rx_group=300081&rx_id=53868977-38e8-11f1-8e04-432da25812fd&rx_job=R-0000166383&rx_medium=cpc&rx_r=none&rx_source=indeed&rx_ts=20260423T000533Z&rx_vp=cpc&source=APPLICANT_SOURCE_INDEEDORGANIC&utm_medium=cpc&utm_source=indeedorganic&utm_source=indeed&utm_medium=organic_job&jobPipeline=Indeed&rx_p=0WJTL0PK0Q&rx_viewer=74eafbc53a1f11f1bebf89d900aa93019b83644118c44d7399a6defc4c9739a2,Unknown,In Development,unknown,0,0,0
indeed,456789abcdef0123,Triage Security Analyst (Global Security),Royal Bank of Canada,"Vancouver, BC V6E 3V5",2026-04-22 17:53:26,https://jobs.rbc.com/ca/en/job/R-0000166383?rx_a=0&rx_c=&rx_ch=jobp4p&rx_group=300081&rx_id=53868977-38e8-11f1-8e04-432da25812fd&rx_job=R-0000166383&rx_medium=cpc&rx_r=none&rx_source=indeed&rx_ts=20260423T000533Z&rx_vp=cpc&source=APPLICANT_SOURCE_INDEEDORGANIC&utm_medium=cpc&utm_source=indeedorganic&utm_source=indeed&utm_medium=organic_job&jobPipeline=Indeed&rx_p=PLWVFIQBX9&rx_viewer=74eafbc53a1f11f1bebf89d900aa93019b83644118c44d7399a6defc4c9739a2,Unknown,In Development,unknown,0,0,0
indeed,a1b2c3d4e5f67890,Technical Support Engineer,Martell Ventures,"Vancouver, BC",2026-04-22 17:54:01,https://smartapply.indeed.com/beta/indeedapply/applybyapplyablejobid?indeedApplyableJobId=08456208-0abf-4e60-a4ab-c562a5a1c081-cGR4cHJvZDE&iaUid=1jmrt8h9ljdpb802&iststd=1,Unknown,In Development,unknown,0,0,0
indeed,aac30e5599f8256d,Computer Technician,SSL Computers,"Abbotsford, BC V2T 4Y4",2026-04-22 17:56:35,https://smartapply.indeed.com/beta/indeedapply/form/resume-selection-module/resume-selection,Unknown,In Development,unknown,0,0,0
indeed,d7bc51558937f4e3,IT Support Technician,Vitalus Nutrition Inc,"Abbotsford, BC",2026-04-22 17:58:03,https://smartapply.indeed.com/beta/indeedapply/form/resume-selection-module/resume-selection,5,In Development,unknown,0,0,0
indeed,09c1555ec3a93882,Ventures Analyst,Martell Ventures,"Vancouver, BC",2026-04-22 17:59:20,https://smartapply.indeed.com/beta/indeedapply/form/resume-selection-module/resume-selection,2,In Development,unknown,0,0,0
indeed,b98d3b56097f5764,"Business Analyst, Salesforce Marketing Cloud",Arc'teryx,"North Vancouver, BC",2026-04-22 17:59:46,https://jobs.lever.co/arcteryx.com/d78db460-dbb8-44bd-aa7a-75e4b58c45b7?lever-source=Indeed,3,In Development,unknown,0,0,0
indeed,7ad4083ab4427d69,IT Support Specialist,LIV Design Studio,"Vancouver, BC V6G 2V4",2026-04-22 18:02:10,https://smartapply.indeed.com/beta/indeedapply/form/resume-selection-module/resume-selection,2,In Development,unknown,0,0,0
indeed,c4d59bf7234d0276,IT Ops Technician II,Brex,"Vancouver, BC",2026-04-24 17:50:37,https://smartapply.indeed.com/beta/indeedapply/form/resume-selection-module/resume-selection,3,In Development,unknown,0,0,0
indeed,7d45aa4ee9febad2,user support technician,DCS TECHNOLOGIES INC.,"Surrey, BC V3W 7X4",2026-04-24 17:50:49,https://www.jobbank.gc.ca/jobsearch/jobposting/49384526,2,In Development,unknown,0,0,0
indeed,539476ddabc725ca,ServiseDesk Analyst - Student,First Nations Health Authority,"Vancouver, BC",2026-04-24 17:50:56,https://careers.fnha.ca/psc/careers/EMPLOYEE/FNHAEXTAPP/c/HRS_HRAM_FL.HRS_CG_SEARCH_FL.GBL?Page=HRS_APP_JBPST_FL&Action=U&FOCUS=Applicant&SiteId=2&JobOpeningId=507971&PostingSeq=1&,Unknown,In Development,unknown,0,0,0
indeed,84b5626a16340f90,Financial Data Analyst,WEST COAST SEEDS LTD,"Delta, BC",2026-04-24 17:51:58,https://smartapply.indeed.com/beta/indeedapply/form/resume-selection-module/resume-selection,3,In Development,unknown,0,0,0
indeed,d10cf224b05db0b5,Tax Analyst,Mark Anthony Group Inc. - Canada,"Vancouver, BC",2026-04-24 17:53:18,https://smartapply.indeed.com/beta/indeedapply/form/resume-selection-module/resume-selection,1,In Development,unknown,0,0,0
indeed,1d8f0b19d7e62f8c,Business Analyst,Purdys Chocolatier,"Vancouver, BC V5X 3Y7",2026-04-24 17:53:35,https://smartapply.indeed.com/beta/indeedapply/form/review-module,5,In Development,unknown,0,0,0
indeed,9525dc779d1f1e94,Senior Development Analyst,GWL Realty Advisors,"Vancouver, BC V6B 4N7",2026-04-24 17:54:08,https://smartapply.indeed.com/beta/indeedapply/form/resume-selection-module/resume-selection,2,In Development,unknown,0,0,0
indeed,ec3c0ece5b57970b,"Analyste principal des systèmes, soutien à la production",CBC/Radio-Canada,"Vancouver, BC",2026-04-24 17:54:24,https://cbcrc.wd3.myworkdayjobs.com/fr-CA/CBC_Radio-Canada_Jobs/job/Vancouver-BC/Senior-Systems-Analyst--Production-Support_JR00007515-1,Unknown,In Development,unknown,0,0,0
indeed,da67becc55c5a1bd,Senior Cyber Security Analyst (Temporary),First West Credit Union,"Langley, BC",2026-04-24 17:54:28,https://fa-eomj-saasfaprod1.fa.ocs.oraclecloud.com/hcmUI/CandidateExperience/en/sites/CX_1001/job/3697,5,In Development,unknown,0,0,0
indeed,cad59aca3cc583e9,"Business Analyst, Enterprise Architecture (contract)",Teck,"Vancouver, BC",2026-04-24 17:54:38,"https://jobs.teck.com/job/Vancouver-Business-Analyst,-Enterprise-Architecture-(contract)-Brit/53812-en_US/?feedId=223000&utm_source=Indeed&utm_campaign=Teck_Indeed&jobPipeline=Indeed",10,In Development,unknown,0,0,0
indeed,defcd814f812a1a4,Corrosion EIT I,Corrosion Service Company Limited,"Delta, BC V3M 6G9",2026-04-24 17:55:34,https://recruiting.ultipro.ca/COR5006COCL/JobBoard/8ec4c17c-6488-476b-968b-703ab2c198e9/OpportunityDetail?opportunityId=cd9304f2-f4fd-4c86-ac40-4a3b6a1172d4&postingId=850d5795-e565-4fd7-94be-e554a518e554,Unknown,In Development,unknown,0,0,0
indeed,b2f1b5b93376f054,Service Delivery Technician,Dick's Lumber,"Surrey, BC V4N 4G7",2026-04-27 13:54:45,https://smartapply.indeed.com/beta/indeedapply/form/resume-selection-module/resume-selection,5,In Development,unknown,0,0,0
indeed,500e7945f081a31f,Junior Support Engineer,LinuxMagic,"Vancouver, BC V6B 2W5",2026-04-27 13:55:18,https://smartapply.indeed.com/beta/indeedapply/form/resume-selection-module/resume-selection,Unknown,In Development,unknown,0,0,0
indeed,4461b38ac5dc8d48,ERP Support Analyst Co-op (Hybrid) - September 2026,Kardium Inc.,"Burnaby, BC",2026-04-27 13:56:47,https://smartapply.indeed.com/beta/indeedapply/form/resume-selection-module/resume-selection,Unknown,In Development,unknown,0,0,0
indeed,37b1deec6f8521fd,SAP B1 EDI Business Analyst,TransCold Distribution Ltd.,"Surrey, BC V3V 4G8",2026-04-27 13:57:24,https://smartapply.indeed.com/beta/indeedapply/form/resume-selection-module/resume-selection,7,In Development,unknown,0,0,0
indeed,04aa3880a939556f,"GIS Solutions Analyst (CUPE) Closing May 10, 2026",The City of Maple Ridge,"Maple Ridge, BC V2X 6A9",2026-04-27 13:58:05,https://mapleridge.hiringplatform.ca/processes/2723132f-fa74-41bf-b921-26648e70e59d?locale=en&source=indeed,Unknown,In Development,unknown,0,0,0
indeed,d81ed058d6a64b40,Coordonnateur (trice) technique,SGS,"Quebec City, QC G1M 3M2",2026-04-27 13:59:32,https://smartapply.indeed.com/beta/indeedapply/form/resume-selection-module/resume-selection,Unknown,In Development,unknown,0,0,0
indeed,0adcbf2de67c7d81,Solutions Engineer (Pre‑Sales),WISI,"Pitt Meadows, BC",2026-04-27 14:00:56,https://smartapply.indeed.com/beta/indeedapply/form/resume-selection-module/resume-selection,7,In Development,unknown,0,0,0
indeed,b46b112a36497d48,Administrateur de bases de données SQL Server senior,Nova DBA,"Brossard, QC",2026-04-27 14:01:56,https://smartapply.indeed.com/beta/indeedapply/form/resume-selection-module/resume-selection,Unknown,In Development,unknown,0,0,0
indeed,487ade15c5f6cc9b,Independent Solar Sales Representative,HQ Energy,"Langley, BC",2026-04-27 14:02:48,https://smartapply.indeed.com/beta/indeedapply/form/resume-selection-module/resume-selection,Unknown,In Development,unknown,0,0,0
indeed,9639688f7405b3da,Agriculture Equipment Sales Representative,PrairieCoast Equipment,"Kamloops, BC",2026-04-27 14:05:24,https://smartapply.indeed.com/beta/indeedapply/form/resume-selection-module/resume-selection,5,In Development,unknown,0,0,0
indeed,78240c9a5983237a,Technical Services Manager,CE Strategies,"Winnipeg, MB",2026-04-27 14:05:58,https://smartapply.indeed.com/beta/indeedapply/form/resume-selection-module/resume-selection,Unknown,In Development,unknown,0,0,0
indeed,c871e646e5d4f707,Inventory Analyst,PEAK PRODUCTS MANUFACTURING,"Richmond, BC V7A 5E2",2026-04-27 14:10:58,https://smartapply.indeed.com/beta/indeedapply/form/resume-selection-module/resume-selection,3,In Development,unknown,0,0,0
indeed,9e0c0dc3e2ef3716,Equipment Sales Representative,PrairieCoast Equipment,"Kamloops, BC",2026-04-27 14:12:39,https://smartapply.indeed.com/beta/indeedapply/form/resume-selection-module/resume-selection,1,In Development,unknown,0,0,0
indeed,9aab7259a6d60434,Agriculture Equipment Sales Representative,PrairieCoast Equipment,"Dawson Creek, BC V1G 3C8",2026-04-27 14:13:33,https://smartapply.indeed.com/beta/indeedapply/form/resume-selection-module/resume-selection,5,In Development,unknown,0,0,0
indeed,1ef77d3484d609b3,Psychologist,Love This therapy,"Surrey, BC",2026-04-27 14:17:41,https://smartapply.indeed.com/beta/indeedapply/form/resume-selection-module/resume-selection,Unknown,In Development,unknown,0,0,0
indeed,edb45e161703b2d4,Technical Specialist,Insurance Corporation of British Columbia,"North Vancouver, BC",2026-04-28 17:08:39,https://careers.icbc.com/job/North-Vancouver-Technical-Specialist-Brit/601857517/,5,In Development,unknown,0,0,0
indeed,9e06c17a4cf7cdc9,Information Technology Specialist,Hanna Infrastructure Ltd,"North Vancouver, BC V7P 3N4",2026-04-28 17:09:23,https://smartapply.indeed.com/beta/indeedapply/form/resume-selection-module/resume-selection,Unknown,In Development,unknown,0,0,0
indeed,e64fd2df8023ba65,Technology Trainee,Paladin Technologies,"Vancouver, BC",2026-04-28 17:09:29,https://paladintechnologies.applytojob.com/apply/zItjG8kjn0/Technology-Trainee?source=INDE&~,Unknown,In Development,unknown,0,0,0
indeed,cf4a4fba58cde6ac,user support analyst,Umbrella Consulting,"Burnaby, BC V5C 6P9",2026-04-28 17:09:35,https://www.jobbank.gc.ca/jobsearch/jobposting/49406868,2,In Development,unknown,0,0,0
indeed,0a834e9fbd379ef3,Senior IT Client Support Technician,Parkland Corporation,"Burnaby, BC",2026-04-28 17:09:39,https://jobs.jobvite.com/careers/parkland/job/oMZ3zfw7?__jvst=job%20board&__jvsd=Indeed,4,In Development,unknown,0,0,0
indeed,d05a005b1ea58466,Rates and Audit Clerk,Van Kam Freightways,"Surrey, BC V3V 3V7",2026-04-28 17:10:46,https://smartapply.indeed.com/beta/indeedapply/form/resume-selection-module/resume-selection,2,In Development,unknown,0,0,0
indeed,c039c586370b046f,Firewall Administrator,OCI Inc.,"Vancouver, BC V6H 3X8",2026-04-28 17:13:26,https://smartapply.indeed.com/beta/indeedapply/form/resume-selection-module/resume-selection,4,In Development,unknown,0,0,0
indeed,6af93c7c1461a38b,Business Analyst,Purdys Chocolatier,"Vancouver, BC V5X 3Y7",2026-04-28 17:13:42,https://smartapply.indeed.com/beta/indeedapply/form/review-module,5,In Development,unknown,0,0,0
indeed,8778c98595cb076f,Security Operations Analyst,Diligent Corporation,"Vancouver, BC",2026-04-28 17:22:17,https://smartapply.indeed.com/beta/indeedapply/form/resume-selection-module/resume-selection,3,In Development,unknown,0,0,0
indeed,fbb752e5ad43d215,"Senior Mine Engineer - $125K-$150K + bonus in Timmins, ON!",Lake Shore Gold,British Columbia,2026-04-28 17:23:16,https://www.applyfirst.ca/jobs/525014403-senior-mine-engineer-125k-150k-bonus-in-timmins-on-at-lake-shore-gold?utm_source=Indeed&utm_medium=organic&utm_campaign=Indeed,5,In Development,unknown,0,0,0
indeed,6862d17607f3385e,Manufacturing Analytics Lead,Tree Island Steel,"Richmond, BC V6V 1T8",2026-04-28 17:24:03,https://smartapply.indeed.com/beta/indeedapply/form/review-module,5,In Development,unknown,0,0,0
indeed,6eb2d1e6624b8454,Pre Sales Engineer,ASSA ABLOY,"Delta, BC",2026-04-28 17:24:22,https://assaabloy.jobs2web.com/job/Delta-Pre-Sales-Engineer-Brit-V3M-6C7/1388074033/?electronic_referral=indeed,5,In Development,unknown,0,0,0
indeed,8d1ad752c8e8f848,Continuing Education Coordinator,Engineers and Geoscientists BC,"Burnaby, BC V5C 6N2",2026-04-28 17:24:39,https://egbc.applytojob.com/apply/lMKdhpg5Ei/Continuing-Education-Coordinator?source=INDE&~,2,In Development,unknown,0,0,0
indeed,5c83c8dfa0e9d22f,Agriculture Equipment Sales Representative,PrairieCoast Equipment,"Williams Lake, BC",2026-04-28 17:27:37,https://smartapply.indeed.com/beta/indeedapply/form/resume-selection-module/resume-selection,1,In Development,unknown,0,0,0
indeed,e2c49b6cd408dd3b,Senior Data Analyst,Santander Consumer Bank,"Edmonton, AB T6E 5Y7",2026-04-28 17:28:58,https://smartapply.indeed.com/beta/indeedapply/form/resume-selection-module/resume-selection,3,In Development,unknown,0,0,0
indeed,7bb938057f92438f,Software Engineer Intern - Fall (8 Months),Electronic Arts,"Vancouver, BC",2026-04-28 17:33:51,https://jobs.ea.com/en_US/careers/JobDetail/Software-Engineer-Intern/210923?jobPipeline=Indeed,Unknown,In Development,unknown,0,0,0
indeed,db03c91d03b2da04,Data Platform Solution Architect,Quadbridge,"Vancouver, BC",2026-04-28 17:35:08,https://smartapply.indeed.com/beta/indeedapply/form/resume-selection-module/resume-selection,6,In Development,unknown,0,0,0
indeed,4a64334f1e96e7d7,FPGA Design Engineer,ATEN Canada Technologies Inc.,"Richmond, BC V7A 5E3",2026-04-28 17:35:55,https://smartapply.indeed.com/beta/indeedapply/form/resume-selection-module/resume-selection,2,In Development,unknown,0,0,0
indeed,6f67d1eeba840f9f,Software Engineer,Mastercard,"Vancouver, BC",2026-04-28 17:36:01,https://careers.mastercard.com/us/en/job/MASRUSR276631EXTERNALENUS/Software-Engineer?utm_source=Appcast_IndeedOrganic&utm_medium=phenom-feeds&_ccid=1773865549468ltrwhkq8z&utm_source=Indeed&utm_medium=organic&utm_campaign=Indeed&ittk=J0GKJPKAFN,Unknown,In Development,unknown,0,0,0
indeed,33fcb257e6fb2ecb,Help Desk Support,All-Fab Building Components LP,"Surrey, BC V4N 4G7",2026-04-30 18:43:01,https://smartapply.indeed.com/beta/indeedapply/form/resume-selection-module/resume-selection,5,In Development,unknown,0,0,0
indeed,de4d78f4f66b2c86,Recent Graduate Preferred: Onsite Hardware & IT Support Technician Vancouver,Digital Fire,"Vancouver, BC",2026-04-30 18:44:29,https://smartapply.indeed.com/beta/indeedapply/form/resume-selection-module/resume-selection,Unknown,In Development,unknown,0,0,0
indeed,20f18a5dfa14767c,IT Systems & Application Support Administrator,FISPAN,"Vancouver, BC",2026-04-30 18:45:03,https://smartapply.indeed.com/beta/indeedapply/form/resume-selection-module/resume-selection,Unknown,In Development,unknown,0,0,0
indeed,9765b9628a098354,Technical Sales Specialist,DDS WIRELESS INTL INC.,"Vancouver, BC",2026-04-30 18:45:56,https://smartapply.indeed.com/beta/indeedapply/form/resume-selection-module/resume-selection,3,In Development,unknown,0,0,0
indeed,6903f0c889ca776b,Service Desk Specialist,TELUS Digital,"Vancouver, BC",2026-04-30 18:49:29,https://ca.indeed.com/viewjob?jk=6903f0c889ca776b,4,In Development,unknown,0,0,0
indeed,df54cc1b1d7a0da0,Sr. Deskside Consultant,Long View Systems,"Vancouver, BC V6C 2X8",2026-04-30 18:51:56,https://jobs.lever.co/lvs1/2c7971d1-385e-40d0-9dcd-392a5778773c?lever-source=Indeed&lever-source=Indeed,7,In Development,unknown,0,0,0
indeed,95b8f498cb7f7825,Global Service Desk (GSD) Analyst,Long View Systems,"Vancouver, BC V6C 2X8",2026-04-30 18:52:01,https://jobs.lever.co/lvs1/552662e4-c1de-4f90-9d45-a1aeb8a71627?lever-source=Indeed&lever-source=Indeed,2,In Development,unknown,0,0,0
indeed,0287a678764ffa2f,IT Service Analyst - FTT,TransLink,"Metro Vancouver Regional District, BC",2026-04-30 18:54:29,https://careersconnect.translink.ca/psc/EXT/EMPLOYEE/HRMS/c/HRS_HRAM_FL.HRS_CG_SEARCH_FL.GBL?Page=HRS_APP_JBPST_FL&Action=U&FOCUS=Applicant&SiteId=2&JobOpeningId=20260370&PostingSeq=1&utm_source=Indeed&utm_medium=organic&utm_campaign=Indeed&,5,In Development,unknown,0,0,0
indeed,6f32b1c6838ff5ba,Business Systems Analyst,Canfor,"Vancouver, BC",2026-04-30 18:58:03,https://smartapply.indeed.com/beta/indeedapply/form/resume-selection-module/resume-selection,3,In Development,unknown,0,0,0
indeed,694f5c6fbca581b6,"Specialist, Service Asset and Configuration Management",First Nations Health Authority,"Metro Vancouver Regional District, BC",2026-04-30 19:01:09,https://careers.fnha.ca/psc/careers/EMPLOYEE/FNHAEXTAPP/c/HRS_HRAM_FL.HRS_CG_SEARCH_FL.GBL?Page=HRS_APP_JBPST_FL&Action=U&FOCUS=Applicant&SiteId=2&JobOpeningId=507977&PostingSeq=1&,5,In Development,unknown,0,0,0
indeed,6fd8ba80cfbc4697,IT Support Technician,Maverick InfoSec,"Langley, BC V4W 3X5",2026-05-01 10:20:11,https://smartapply.indeed.com/beta/indeedapply/form/resume-selection-module/resume-selection,3,In Development,unknown,0,0,0
indeed,4f19cb95bdd61be3,Radio Operations Lead,Tŝilhqot’in National Government,"Williams Lake, BC V2G 4T4",2026-05-01 10:21:47,https://smartapply.indeed.com/beta/indeedapply/form/resume-selection-module/resume-selection,Unknown,In Development,unknown,0,0,0
indeed,063b8c99e9177d4e,Technical Privacy Analyst,Mark Anthony Group Inc. - Canada,"Vancouver, BC",2026-05-01 10:23:24,https://smartapply.indeed.com/beta/indeedapply/form/resume-selection-module/resume-selection,3,In Development,unknown,0,0,0
indeed,5e9c8369a5f1f9ee,Senior Mining Engineer,Stantec,"Vancouver, BC V5Y 2E2",2026-05-01 10:23:48,https://stantec.jobs/vancouver-bc/senior-mining-engineer/A01A6DBA69D342CE8EBE0047362C9EEE/job/?vs=1610&utm_source=Indeed%20PPC-DE&utm_medium=Job%20Aggregator&utm_campaign=Indeed%20PPC,12,In Development,unknown,0,0,0
indeed,565e3dbf6268c63f,Data Scientist,Canfor,"Vancouver, BC",2026-05-01 10:26:35,https://smartapply.indeed.com/beta/indeedapply/form/resume-selection-module/resume-selection,Unknown,In Development,unknown,0,0,0
indeed,6c4c0231312915a6,Senior QA Engineer,ABC Fitness,"Vancouver, BC V6B 1C6",2026-05-01 10:26:49,https://smartapply.indeed.com/beta/indeedapply/form/resume-selection-module/resume-selection,4,In Development,unknown,0,0,0
indeed,01d3b72a8a4d2a56,Sample Preparation Specialist IV (Chip Assembly & Wire Bonding),D-Wave Quantum Inc.,"Burnaby, BC V5G 4M9",2026-05-01 10:27:58,https://smartapply.indeed.com/beta/indeedapply/form/resume-selection-module/resume-selection,5,In Development,unknown,0,0,0
indeed,ee34ca1a52ea9aeb,Sr Software Development Engineer,Workday,"Vancouver, BC",2026-05-01 10:28:05,https://workday.wd5.myworkdayjobs.com/en-US/Workday/job/Canada-BC-Vancouver/Sr-Software-Development-Engineer_JR-0106844?source=website_indeed,8,In Development,unknown,0,0,0
indeed,e8c06af6618dcbed,Renewable Energy Systems Specialist,Biothermic Wood Energy Systems Inc.,"Minden, ON",2026-05-01 10:28:46,https://smartapply.indeed.com/beta/indeedapply/form/resume-selection-module/resume-selection,Unknown,In Development,unknown,0,0,0
indeed,f29d69c7a4468643,GIS Analyst,Entegrus Powerlines Inc,"Chatham-Kent, ON N7M 2H6",2026-05-01 10:30:39,https://smartapply.indeed.com/beta/indeedapply/form/resume-selection-module/resume-selection,3,In Development,unknown,0,0,0
indeed,ff0689443ebc7857,Full Stack Developer,Varis Mine Technology Ltd,"Greater Sudbury, ON P3C 2Y1",2026-05-01 10:31:34,https://smartapply.indeed.com/beta/indeedapply/form/resume-selection-module/resume-selection,3,In Development,unknown,0,0,0
indeed,cf79ad83490d2109,Solid Waste Coordinator,Bimose Tribal Council,"Kenora, ON",2026-05-01 10:32:15,https://smartapply.indeed.com/beta/indeedapply/form/resume-selection-module/resume-selection,3,In Development,unknown,0,0,0
indeed,d154bca3da04255a,Senior Mineral Processing Engineer,"Westpro Machinery, INC","Vancouver, BC V6E 4T5",2026-05-01 10:33:27,https://smartapply.indeed.com/beta/indeedapply/form/resume-selection-module/resume-selection,10,In Development,unknown,0,0,0
indeed,4f66f5835ffc9b9f,Technical Support Administrator,Bardel Entertainment,"Vancouver, BC",2026-05-01 19:54:11,https://smartapply.indeed.com/beta/indeedapply/form/resume-selection-module/resume-selection,3,In Development,unknown,0,0,0
indeed,efd6282152727b7e,Trades - Computer/Electronics - Continuing,School District #37 (Delta),"Delta, BC V4G 1G8",2026-05-01 19:54:21,https://sd37-makeafuture.simplication.com/Applicant/jobposting/jobdetails.aspx?JOB_POSTING_ID=0dcca8ac-cc2f-4a8d-9ae9-fa6d44d02487&PAGE=1&locale=en&maf=0&sReferer=ATEINDEEDFEEDSIMP,5,In Development,unknown,0,0,0
indeed,00b556c300178750,deskside support technician,OMIKAN TECHNOLOGIES INC.,"Delta, BC V4C 4X5",2026-05-01 19:54:31,https://www.jobbank.gc.ca/jobsearch/jobposting/49433024,3,In Development,unknown,0,0,0
indeed,7039bfcd4620b719,user support technician,OMIKAN TECHNOLOGIES INC.,"Delta, BC V4C 4X5",2026-05-01 19:54:35,https://www.jobbank.gc.ca/jobsearch/jobposting/49433014,2,In Development,unknown,0,0,0
indeed,29a790bc15a3238c,Cybersecurity Analyst,Pan American Silver Corp,"Vancouver, BC",2026-05-01 19:55:25,https://smartapply.indeed.com/beta/indeedapply/form/resume-selection-module/resume-selection,2,In Development,unknown,0,0,0
indeed,c0b8eaa2c56cfaaa,"Senior Business Analyst, Trade Compliance",West Fraser,"Vancouver, BC",2026-05-01 19:55:53,https://smartapply.indeed.com/beta/indeedapply/form/review-module,3,In Development,unknown,0,0,0
indeed,8ce4472acadf4c7f,Functional Analyst,Vancouver Coastal Health,"Vancouver, BC V5K 1A1",2026-05-01 19:56:02,https://careers-vch.icims.com/jobs/162763/job?utm_source=indeed_integration&iis=Job%20Board&iisn=Indeed&indeed-apply-token=73a2d2b2a8d6d5c0a62696875eaebd669103652d3f0c2cd5445d3e66b1592b0f,5,In Development,unknown,0,0,0
indeed,1c2493d03c082e24,Business and Financial Performance Analyst,Vancouver Coastal Health,"Vancouver, BC V5K 1A1",2026-05-01 19:56:15,https://careers-vch.icims.com/jobs/164007/job?utm_source=indeed_integration&iis=Job%20Board&iisn=Indeed&indeed-apply-token=73a2d2b2a8d6d5c0a62696875eaebd669103652d3f0c2cd5445d3e66b1592b0f,6,In Development,unknown,0,0,0
indeed,40d9c652e6936beb,Principal Data Engineer,Vancouver Coastal Health,"Vancouver, BC V5Z 4H5",2026-05-01 19:58:39,https://careers-vch.icims.com/jobs/163885/job?utm_source=indeed_integration&iis=Job%20Board&iisn=Indeed&indeed-apply-token=73a2d2b2a8d6d5c0a62696875eaebd669103652d3f0c2cd5445d3e66b1592b0f,5,In Development,unknown,0,0,0
indeed,b581eadb92a9bd58,HVAC Installer B Gas with Sheet metal Experience,Horizon Climate Controls,"Williams Lake, BC",2026-05-01 20:04:11,https://smartapply.indeed.com/beta/indeedapply/form/resume-selection-module/resume-selection,5,In Development,unknown,0,0,0
indeed,c0df84fc59acb2dd,business data analyst,Focus Worldwide Logistics Services Co. Ltd.,"Burnaby, BC V5J 3J1",2026-05-01 20:24:50,https://www.jobbank.gc.ca/jobsearch/jobposting/49388932,3,In Development,unknown,0,0,0
indeed,60e4e1f45938b9fa,Junior Appraisal Research Analyst / Appraiser (AACI or Candidate),L.W. Property Advisors Ltd.,"Vancouver, BC V6J 4S5",2026-05-01 20:25:19,https://smartapply.indeed.com/beta/indeedapply/form/resume-selection-module/resume-selection,Unknown,In Development,unknown,0,0,0
indeed,934db5a7c11e5923,Manager,SILVER LINE DETAIL LTD.,"Abbotsford, BC",2026-05-02 16:17:26,https://smartapply.indeed.com/beta/indeedapply/form/resume-selection-module/resume-selection,Unknown,In Development,unknown,0,0,0
indeed,99e51b4129f1fcea,"Staff Network Systems Engineer, AirLink",Semtech,"Richmond, BC V6V 3A4",2026-05-02 16:17:44,https://semtech.wd1.myworkdayjobs.com/en-US/SemtechCareers/job/CAN---Richmond-BC/Staff-Network-Systems-Engineer--AirLink_REQ3318?source=Indeed.com,5,In Development,unknown,0,0,0
indeed,515d5840ad636a28,"Systems Applications & AI Tooling Engineer (Ethernet NIC, PCIe Switch)",Broadcom,"Richmond, BC V6V 2Z8",2026-05-02 16:17:49,https://broadcom.wd1.myworkdayjobs.com/es/External_Career/job/Canada-Richmond-International-Place/Systems-Applications---AI-Tooling-Engineer--Ethernet-NIC--PCIe-Switch-_R025934?sid=1099,Unknown,In Development,unknown,0,0,0
indeed,ff8ba321a70d7b4b,Senior Cloud Security Engineer/Architect,Thales Group,"Vancouver, BC V6C 1G8",2026-05-02 16:17:56,https://careers.thalesgroup.com/global/en/job/TGPTGWGLOBALR0327406EXTERNALENGLOBAL/Senior-Cloud-Security-Engineer-Architect?utm_source=indeed&utm_medium=phenom-feeds&utm_source,6,In Development,unknown,0,0,0
indeed,f1448838caeeefbe,Occupational Therapist,Mountainview Health & Wellness Ltd,"New Westminster, BC V3L 3W4",2026-05-02 16:21:13,https://smartapply.indeed.com/beta/indeedapply/form/resume-selection-module/resume-selection,Unknown,In Development,unknown,0,0,0
indeed,3a97a4325be5eca2,Pediatric Occupational Therapist,One Step at a Time Occupational Therapy,"Langley, BC V1M 3A5",2026-05-02 16:22:40,https://smartapply.indeed.com/beta/indeedapply/form/resume-selection-module/resume-selection,2,In Development,unknown,0,0,0
indeed,46a771e21ab87f29,Dental Associate,Aarm Dental Group,"Vancouver, BC",2026-05-02 16:23:11,https://ca.indeed.com/viewjob?jk=46a771e21ab87f29&applied=1&from=smart-apply,Unknown,In Development,unknown,0,0,0
indeed,c55705952365ae5e,Dental Associate/ Partner,Aarm Dental Group,"Vancouver, BC",2026-05-02 16:24:11,https://smartapply.indeed.com/beta/indeedapply/form/resume-selection-module/resume-selection,Unknown,In Development,unknown,0,0,0
indeed,3f95ca7908870a3b,Associate Dentist,Inspire Dental Group,"Port Moody, BC",2026-05-02 16:24:24,https://smartapply.indeed.com/beta/indeedapply/form/resume-selection-module/resume-selection,Unknown,In Development,unknown,0,0,0
indeed,636d819e1b8a2566,"Software Engineer, Data Infrastructure & Acquisition - Vancouver, Canada",Speechify,"Vancouver, BC",2026-05-02 16:24:55,https://job-boards.greenhouse.io/speechify/jobs/5975298004?gh_src=22nciunp4us,5,In Development,unknown,0,0,0
indeed,e17229c3370acdbb,Senior Site Reliability Engineer (SRE),Treasure AI,"Vancouver, BC",2026-05-02 16:24:59,https://jobs.treasure.ai/jobs/604052-senior-site-reliability-engineer-sre?ittk=VRI2NDAE7H,5,In Development,unknown,0,0,0
indeed,188d242bde69c259,Senior Site Reliability Engineer,Innosphere SDG Ltd,Canada,2026-05-02 16:25:20,https://innosphere.zohorecruit.com/jobs/Careers/572474000038928002/Senior-Site-Reliability-Engineer?source=External,5,In Development,unknown,0,0,0
indeed,45f9269a525d73cf,"Senior Software Engineer, Houdini/Platform",Eyeline,"Vancouver, BC",2026-05-02 16:26:39,https://smartapply.indeed.com/beta/indeedapply/form/resume-selection-module/resume-selection,5,In Development,unknown,0,0,0
indeed,86cc4965613705d1,"Software Engineer, Platform - Vancouver, Canada",Speechify,"Vancouver, BC",2026-05-02 16:26:48,https://job-boards.greenhouse.io/speechify/jobs/5974439004?gh_src=ev8iee9i4us,Unknown,In Development,unknown,0,0,0
indeed,ed147e459f1df90f,Maintenance and Reliability Engineer - P.Eng,Morson Talent (Canada & USA),"Burnaby, BC",2026-05-02 16:28:00,https://smartapply.indeed.com/beta/indeedapply/form/resume-selection-module/resume-selection,4,In Development,unknown,0,0,0
indeed,7ded74db87c46580,Senior Full-Stack Engineer,CyberCoders,"Vancouver, BC V6Z 3B7",2026-05-02 16:47:13,https://smartapply.indeed.com/beta/indeedapply/form/review-module,5,In Development,unknown,0,0,0
indeed,720f38103c2a7ecb,Senior Software Engineer,Pillexa,"Surrey, BC V3S 7C6",2026-05-02 16:47:29,https://jobs.polymer.co/pillexa/37995?_gl=1*17k6jti*_gcl_au*MTQ2NDkxODcxNS4xNzc1NzUxMTIyLjE0NzkxOTY0MTAuMTc3NzUwNTc2NS4xNzc3NTA3MzA3*_ga*MzUyOTAyNzI1LjE3Njc5MTYxNDY.*_ga_3EB007MWWH*czE3Nzc1MDU3MzckbzE3NyRnMSR0MTc3NzUwNzQ2OSRqNjAkbDAkaDEzMjkyMDAzMTI.,5,In Development,unknown,0,0,0
indeed,818f3ea2ad9402c2,Full Stack Developer,Scaletechnics Ai Solutions,"Surrey, BC",2026-05-02 16:47:58,https://smartapply.indeed.com/beta/indeedapply/form/resume-selection-module/resume-selection,1,In Development,unknown,0,0,0
indeed,7564a62c08e3dc50,UI/UX Developer (in Framer),Clinic Marketing,"Vancouver, BC",2026-05-02 16:48:42,https://smartapply.indeed.com/beta/indeedapply/form/questions-module/questions/1,2,In Development,unknown,0,0,0
indeed,dea8bc5bd326bc09,Full-Stack Developer - PHP/Laravel,Peakflow Digital Consulting Inc.,"Vancouver, BC V6E 2Y2",2026-05-02 16:49:25,https://smartapply.indeed.com/beta/indeedapply/form/resume-selection-module/resume-selection,3,In Development,unknown,0,0,0
indeed,1a4fb55d7a0c0638,Junior Microsoft SharePoint Developer,West X Business Solutions,"Vancouver, BC",2026-05-02 16:49:56,https://smartapply.indeed.com/beta/indeedapply/form/review-module,2,In Development,unknown,0,0,0
indeed,1272164d7ba1769e,Applied AI Engineer,Elevation Capital,"Vancouver, BC V6C 3A6",2026-05-02 16:50:29,https://smartapply.indeed.com/beta/indeedapply/form/resume-selection-module/resume-selection,2,In Development,unknown,0,0,0
indeed,6e2a8a255823a46b,Ai Technical Builder Independent Contractor,Kairos Investments Ltd,"Vancouver, BC",2026-05-02 16:51:08,https://smartapply.indeed.com/beta/indeedapply/form/resume-selection-module/resume-selection,Unknown,In Development,unknown,0,0,0
indeed,d141377b605b98b9,"Tech Lead, Android Core Product - Vancouver, Canada",Speechify,"Vancouver, BC",2026-05-02 16:51:36,https://job-boards.greenhouse.io/speechify/jobs/5975635004?gh_src=hz3rn93z4us,5,In Development,unknown,0,0,0
indeed,6dd769116892b634,"Senior Software Engineer, Core Experiences - Vancouver, Canada",Speechify,"Vancouver, BC",2026-05-02 16:51:40,https://job-boards.greenhouse.io/speechify/jobs/5974643004?gh_src=xv6zhgi44us,Unknown,In Development,unknown,0,0,0
indeed,4ce05bd3465e3dba,Performance Engineer II,Best Buy Canada,"Burnaby, BC",2026-05-03 13:47:06,https://bestbuycanada.thejobnetwork.com/Job/603360375?etd=MUVP6CXQ22IN577BHJOYLW4KOQRKRNR43YINQX3AVI2Q46GX6G5YPJTKDMYUS6TCHLWDDHOCBYSEKMEJ2PRYGN2JOA4UPLAIILOFX7IDHDSDM2CBX6PA%3d%3d%3d%3d&source=indeed.com&ittk=4BSASAY903,4,In Development,unknown,0,0,0
indeed,da7e2ab2c6a859fe,Senior Front-End Developer (Onsite),DelGate,"Vancouver, BC V5X 4M2",2026-05-03 13:49:19,https://smartapply.indeed.com/beta/indeedapply/form/resume-selection-module/resume-selection,6,In Development,unknown,0,0,0
indeed,3c5c6cabfb9b4940,Workday Developer,Best Buy Canada,"Richmond, BC V6Y 4L3",2026-05-03 13:49:23,https://bestbuycanada.thejobnetwork.com/Job/603360354?etd=MUVP6CXQ22IN577BHJOYLW4KOQPCKK6DNXTZ3GWUKXRLNUV2QBR2EJJZT4GFPFLMNXHELNFUGDFXLONJUOU4Y6CFQQY6K2A42GGUONCY3GVEGX23RRJQ%3d%3d%3d%3d&source=indeed.com&ittk=JX0W3DVM0Y,1,In Development,unknown,0,0,0
indeed,360cb1e5e531b875,Workday Developer,Best Buy Canada,"Burnaby, BC",2026-05-03 13:49:26,https://bestbuycanada.thejobnetwork.com/Job/603360358?etd=MUVP6CXQ22IN577BHJOYLW4KORIUBRWMNU5GNWYW76SG4HOFNJEWNLCBQ2UE3QVDXBPJDRD5O6KEU5AWL7NZOT2KQNORGV323RF6KWPUF3IDVAKHH7JQ%3d%3d%3d%3d&source=indeed.com&ittk=ZVCUNYBXLI,1,In Development,unknown,0,0,0
indeed,0c5ecaf6153b70b2,Workday Developer,Best Buy Canada,"Coquitlam, BC V3J 3L8",2026-05-03 13:49:29,https://bestbuycanada.thejobnetwork.com/Job/603360350?etd=MUVP6CXQ22IN577BHJOYLW4KOQKWUOMUTG4PKLGHTAYVB4WD7ZILGQM7QCGPVECC7FF2U4ALF53B3WZMGIY7TW7HEIVV6KN6HWVTH56VCRR2SC2LPEHQ%3d%3d%3d%3d&source=indeed.com&ittk=VHZFEDZPOS,1,In Development,unknown,0,0,0
indeed,e42491935afd2127,Controls and Automation Engineer,Saltworks Technologies,"Richmond, BC",2026-05-03 13:50:08,https://smartapply.indeed.com/beta/indeedapply/form/review-module,8,In Development,unknown,0,0,0
indeed,f3d910e8ee297a24,Powerline Asset Inspector (Part-time),IND Technology,"Vancouver, BC V6C 3P6",2026-05-03 13:58:31,https://smartapply.indeed.com/beta/indeedapply/form/resume-selection-module/resume-selection,3,In Development,unknown,0,0,0
indeed,2fed45d564e5e16c,Solar Sales Advisor (CA$70K - CA$180K+ OTE),MAG SOLAR INC.,"Vancouver, BC",2026-05-03 13:58:43,https://smartapply.indeed.com/beta/indeedapply/form/resume-selection-module/resume-selection,1,In Development,unknown,0,0,0
indeed,3603dbe32fd25f37,Rental Service Agent,Indie Campers,"Vancouver, BC",2026-05-03 13:59:38,https://smartapply.indeed.com/beta/indeedapply/form/resume-selection-module/resume-selection,1,In Development,unknown,0,0,0
indeed,be94fc6ecf007d95,P&C Specialist Commissioning Engineer,BC Hydro,"Burnaby, BC V3N 4X8",2026-05-03 13:59:43,https://app.bchydro.com/sap/bc/webdynpro/sap/hrrcf_a_posting_apply?PARAM=cG9zdF9pbnN0X2d1aWQ9M0ExODRDMTRBMTBCMUZEMTkxODM4OTQ3QjY0MzAwNDQmY2FuZF90eXBlPUVYVA%3d%3d&sap-theme=sap_belize&sap-client=100&sap-language=EN&sap-accessibility=X&saml2=disabled&sap-theme=sap_belize&sap-wd-configid=ZHRRCF_A_UNREG_JOB_SEARCH#,10,In Development,unknown,0,0,0
indeed,26a7f82c3e6090d8,Project Engineer,Cryopeak Energy Solutions,"Richmond, BC",2026-05-03 14:00:42,https://smartapply.indeed.com/beta/indeedapply/form/resume-selection-module/resume-selection,1,In Development,unknown,0,0,0
indeed,ae74b2e8ef09ce70,Beauty Sales Specialist (Part-Time),Modern Beauty,"North Vancouver, BC",2026-05-03 14:01:56,https://smartapply.indeed.com/beta/indeedapply/form/resume-selection-module/resume-selection,1,In Development,unknown,0,0,0
indeed,c7dff7ae45cd9344,Account Executive,Compugen Inc,Canada,2026-05-03 14:02:04,https://compugen-pc.my.salesforce-sites.com/recruit/fRecruit__ApplyJob?vacancyNo=VN9474&portal=Standard&gns=Indeed,5,In Development,unknown,0,0,0
indeed,ad25eb63baa6b562,Service Technician - Journeypeople,ARPAC,"Delta, BC V4G 1A2",2026-05-03 14:06:08,https://smartapply.indeed.com/beta/indeedapply/form/resume-selection-module/resume-selection,Unknown,In Development,unknown,0,0,0
indeed,56a0f4931c50f3ce,Service Technician (Go Richmond Chrysler),Go Auto,"Richmond, BC V6V 2M4",2026-05-03 14:06:25,https://smartapply.indeed.com/beta/indeedapply/form/review-module,10,In Development,unknown,0,0,0
indeed,419e0ff44d9018a8,3rd Year Apprentice Service Technician (Go Richmond Kia),Go Auto,"Richmond, BC V6X 2A9",2026-05-03 14:07:03,https://smartapply.indeed.com/beta/indeedapply/form/review-module,Unknown,In Development,unknown,0,0,0
indeed,e26eaf07e9a52b8d,"Tree Inspector / Arborist Field Technician – Contract Position (Vancouver, BC)",Sequoia Arborist Consulting Group,"Vancouver, BC",2026-05-03 14:07:34,https://smartapply.indeed.com/beta/indeedapply/form/resume-selection-module/resume-selection,Unknown,In Development,unknown,0,0,0
indeed,e83a08b7285b272f,Field Technician – Geotechnical Services,Terran Geotechnical Consultants Ltd.,"Burnaby, BC V5A 3C2",2026-05-03 14:08:42,https://smartapply.indeed.com/beta/indeedapply/form/resume-selection-module/resume-selection,Unknown,In Development,unknown,0,0,0
indeed,9f3f613c3a8cd935,Cleaning Technician / Field Service (Part-Time / On-Call),C4 Building Maintenance Ltd.,"Burnaby, BC",2026-05-03 14:09:18,https://smartapply.indeed.com/beta/indeedapply/form/resume-selection-module/resume-selection,Unknown,In Development,unknown,0,0,0
indeed,0c8be369947cf5be,Front Desk Agent / Guest Services Representative (Part-Time) ( Mondays&Wednesdays 4:00pm to 12:00am),Easter Seals BC/Yukon,"Vancouver, BC V6H 4H5",2026-05-03 14:10:24,https://smartapply.indeed.com/beta/indeedapply/form/resume-selection-module/resume-selection,1,In Development,unknown,0,0,0
indeed,9bb529f219a9c7d1,Software Systems Support,InfoSpec Systems Inc.,"Richmond, BC",2026-05-04 17:27:14,https://smartapply.indeed.com/beta/indeedapply/form/resume-selection-module/resume-selection,Unknown,In Development,unknown,0,0,0
indeed,7ddf96e4912d7ca6,IT Systems Administrator,Cloud9 Solutions Inc.,"Langley, BC",2026-05-04 17:34:32,https://smartapply.indeed.com/beta/indeedapply/form/resume-selection-module/resume-selection,4,In Development,unknown,0,0,0
indeed,3f0afc4ed860f08a,information technology (IT) support technician,Maverick InfoSec,"Langley, BC V4W 3X5",2026-05-04 17:34:38,https://www.jobbank.gc.ca/jobsearch/jobposting/49450128,1,In Development,unknown,0,0,0
indeed,9f7bc1c7f44956a0,L1 IT Technician / Help Desk Technician,KTI,"Surrey, BC V3S 6J8",2026-05-04 17:35:37,https://smartapply.indeed.com/beta/indeedapply/form/resume-selection-module/resume-selection,Unknown,In Development,unknown,0,0,0
indeed,e4809dabff95e983,Part-Time Cleaner (Driving License required),Clean It All,"Vancouver, BC V5M 4T1",2026-05-04 17:36:08,https://smartapply.indeed.com/beta/indeedapply/form/resume-selection-module/resume-selection,Unknown,In Development,unknown,0,0,0
indeed,58884ca65188c274,Senior Security Analyst – Information Security Governance,IFS,"Vancouver, BC",2026-05-04 17:38:12,https://smartapply.indeed.com/beta/indeedapply/form/resume-selection-module/resume-selection,5,In Development,unknown,0,0,0
indeed,a1a80354098f4f77,Cloud AI API Integrations – Fully Remote Subject Matter Expert - Canada,Prolific Academic Ltd,"Vancouver, BC",2026-05-04 17:38:55,https://smartapply.indeed.com/beta/indeedapply/form/resume-selection-module/resume-selection,Unknown,In Development,unknown,0,0,0
indeed,2374b8ff6635e05b,Senior Security Analyst – Information Security Governance,Copperleaf Technologies Inc.,"Vancouver, BC",2026-05-04 17:39:08,https://ca.indeed.com/viewjob?jk=2374b8ff6635e05b,5,In Development,unknown,0,0,0
indeed,c092c67e4d2e2407,Founder’s Associate,Leanafy,"Vancouver, BC",2026-05-04 17:42:11,https://smartapply.indeed.com/beta/indeedapply/form/resume-selection-module/resume-selection,0,In Development,unknown,0,0,0
indeed,6dd342b1b968ba21,Night Auditor,Accent Inns Inc.,"Richmond, BC V6X 3L8",2026-05-04 17:43:12,https://smartapply.indeed.com/beta/indeedapply/form/resume-selection-module/resume-selection,Unknown,In Development,unknown,0,0,0
indeed,ee6c0f87fc964598,RESERVATION AGENT,Hyatt Regency Vancouver,"Vancouver, BC V6C 2R7",2026-05-04 17:43:21,https://careers.hyatt.com/en-US/careers/details/fast%20pass%20application%20flow/VAN001669?src=JB-14400,Unknown,In Development,unknown,0,0,0
indeed,bac6fbbc54a9e7bf,Front Desk Customer Service,Hot Yoga 101 | Inferno Hot Pilates,"Vancouver, BC V5Z 3X7",2026-05-04 17:43:52,https://smartapply.indeed.com/beta/indeedapply/form/resume-selection-module/resume-selection,Unknown,In Development,unknown,0,0,0
indeed,d29d3bd3433e0e76,Office Clerk,Panda Luxury Homes,"Richmond, BC V6X 4C9",2026-05-04 17:44:22,https://smartapply.indeed.com/beta/indeedapply/form/resume-selection-module/resume-selection,Unknown,In Development,unknown,0,0,0
indeed,901aa23bf901e00b,Receptionist,Mophead Salon,"Richmond, BC V6X 4J7",2026-05-04 17:44:56,https://smartapply.indeed.com/beta/indeedapply/form/resume-selection-module/resume-selection,Unknown,In Development,unknown,0,0,0
indeed,85f47a6233b9397c,Front Desk & Executive Support Coordinator,Wordsworth Investment Canada Co. Ltd.,"Vancouver, BC",2026-05-04 17:45:28,https://smartapply.indeed.com/beta/indeedapply/form/resume-selection-module/resume-selection,Unknown,In Development,unknown,0,0,0
indeed,f344acea4afcb7ed,Beauty Salon Receptionist,Rozina’s beauty services,"Richmond, BC V6W 1K6",2026-05-04 17:46:00,https://ca.indeed.com/viewjob?jk=f344acea4afcb7ed&applied=1&from=smart-apply,Unknown,In Development,unknown,0,0,0
indeed,6ab36c7785afb5ef,Administrative Coordinator,Squamish Nation,"North Vancouver, BC V7J 2J3",2026-05-04 17:47:21,https://smartapply.indeed.com/beta/indeedapply/form/resume-selection-module/resume-selection,3,In Development,unknown,0,0,0
indeed,0d20eb0a86a77fce,Fashion Associate (Part time) - Metropolis at Metrotown,Reitmans,"Burnaby, BC V5H 4M1",2026-05-04 17:48:27,https://smartapply.indeed.com/beta/indeedapply/form/resume-selection-module/resume-selection,Unknown,In Development,unknown,0,0,0
indeed,dabb5500b3469d7c,Network Security Administrator,Study 2020 Consulting,"Vancouver, BC V6C 1G8",2026-05-04 17:50:12,https://smartapply.indeed.com/beta/indeedapply/form/resume-selection-module/resume-selection,Unknown,In Development,unknown,0,0,0
indeed,63c48618ac92adc7,Analyste DevOps (37.50 hrs/sem),Bureau Central,"Richmond, BC V6V 2J8",2026-05-04 17:51:36,https://smartapply.indeed.com/beta/indeedapply/form/questions-module/questions/1,Unknown,In Development,unknown,0,0,0
indeed,9b3612b8aa9eda25,Software Developer Co-op (Hybrid) - September 2026,Kardium Inc.,"Burnaby, BC",2026-05-04 17:52:11,https://smartapply.indeed.com/beta/indeedapply/form/resume-selection-module/resume-selection,Unknown,In Development,unknown,0,0,0
indeed,ad0d5b45301ec627,"Employment Specialist, Start it Right",DIVERSEcity Community Resources Society,"Surrey, BC V3W 2W3",2026-05-04 17:53:20,https://ca.indeed.com/viewjob?jk=ad0d5b45301ec627&applied=1&from=smart-apply,1,In Development,unknown,0,0,0
indeed,facbdd827312cc3a,Technical Engineer,Centiro,"Vancouver, BC",2026-05-04 17:53:24,https://career.centiro.com/jobs/7659934-technical-engineer?ittk=RMQ2QFAC9O,Unknown,In Development,unknown,0,0,0
indeed,9aa125ef630cb22c,BI Developer,Altea Healthcare,"Burnaby, BC V5H 4M2",2026-05-04 17:57:18,https://smartapply.indeed.com/beta/indeedapply/form/resume-selection-module/resume-selection,2,In Development,unknown,0,0,0
indeed,7840561fd852bcb3,Programmer Analyst I,University of British Columbia,"Vancouver, BC",2026-05-04 17:58:16,https://ubc.wd10.myworkdayjobs.com/en-US/ubcstaffjobs/job/UBC-Vancouver-Campus---Vancouver-BC-Canada/Programmer-Analyst-I_JR24332,3,In Development,unknown,0,0,0
indeed,b03925a971693223,Intermediate Geotechnical Engineer,SSA Recruitment (CA),"Burnaby, BC",2026-05-04 18:00:13,https://smartapply.indeed.com/beta/indeedapply/form/review-module,7,In Development,unknown,0,0,0
indeed,4bd9b44141a10c3d,Senior Administrator (1 Year Contract),TPD,"Vancouver, BC V6B 2R9",2026-05-04 18:00:47,https://smartapply.indeed.com/beta/indeedapply/form/review-module,1,In Development,unknown,0,0,0
indeed,1413fd401bf2d21b,Senior Water Resources Engineer,SSA Recruitment (CA),"Vancouver, BC",2026-05-04 18:01:04,https://smartapply.indeed.com/beta/indeedapply/form/review-module,8,In Development,unknown,0,0,0
indeed,b96a2a252c427145,Contracts Professional - North Coast,BC Hydro,"Burnaby, BC V5C 3Y3",2026-05-04 18:01:07,https://app.bchydro.com/sap/bc/webdynpro/sap/hrrcf_a_posting_apply?PARAM=cG9zdF9pbnN0X2d1aWQ9M0ExODRDMTRBMTBCMUZEMTkxODQ0MkZGQ0ZBQTgwNDAmY2FuZF90eXBlPUVYVA%3d%3d&sap-theme=sap_belize&sap-client=100&sap-language=EN&sap-accessibility=X&saml2=disabled&sap-theme=sap_belize&sap-wd-configid=ZHRRCF_A_UNREG_JOB_SEARCH#,10,In Development,unknown,0,0,0
indeed,bcac2a89a18f3419,Senior Civil Engineer,SSA Recruitment (CA),"Vancouver, BC",2026-05-04 18:01:36,https://smartapply.indeed.com/beta/indeedapply/form/review-module,8,In Development,unknown,0,0,0
indeed,206a4813d7cdb645,Senior Structural Engineer - Marine,SSA Recruitment (CA),"Vancouver, BC",2026-05-04 18:02:10,https://smartapply.indeed.com/beta/indeedapply/form/review-module,8,In Development,unknown,0,0,0
indeed,314faffd7580ab65,Track Inspection Lead,Metrolinx,Canada,2026-05-04 18:02:21,https://ehtc.fa.ca2.oraclecloud.com/hcmUI/CandidateExperience/en/sites/CX_1/job/116000,Unknown,In Development,unknown,0,0,0
indeed,5249b9458f7391af,Track Inspector TALENT POOL,Metrolinx,Canada,2026-05-04 18:02:49,https://ehtc.fa.ca2.oraclecloud.com/hcmUI/CandidateExperience/en/sites/CX_1/job/116138,Unknown,In Development,unknown,0,0,0
indeed,c1faaa5a9da2d3bb,Operation IT Infrastructure Lead,Pacific Energy Canada,"Vancouver, BC",2026-05-04 22:28:31,https://smartapply.indeed.com/beta/indeedapply/form/resume-selection-module/resume-selection,10,In Development,unknown,0,0,0
indeed,a21ee141d7b2bc7a,Concepteur(trice) principal(e) de systèmes d’affaires,Vancouver Fraser Port Authority,"Vancouver, BC V6C 3T4",2026-05-04 22:38:46,https://ca.indeed.com/viewjob?jk=a21ee141d7b2bc7a,Groq approved,Saved on Indeed,unknown,0,0,0
indeed,6a97a56cc7ae0ba2,Advanced Technician - Managed Services,Haycor Computer Solutions Inc.,"Concord, ON L4K 3S3",2026-05-04 22:43:09,https://smartapply.indeed.com/beta/indeedapply/form/resume-selection-module/resume-selection,4,In Development,unknown,0,0,0
indeed,d9c0d95c0a783a67,Senior Technology Architect / Enterprise Systems Engineer - Contract,Compugen Inc,"Toronto, ON",2026-05-04 22:43:17,https://ca.indeed.com/viewjob?jk=d9c0d95c0a783a67,Groq approved,Saved on Indeed,unknown,0,0,0
indeed,2e8a68b3dfdbca44,IT Network Systems Administrator (MSP / Wireless / VoIP Infrastructure),EB Solution,"Concord, ON L4K 2T8",2026-05-04 22:43:48,https://smartapply.indeed.com/beta/indeedapply/form/resume-selection-module/resume-selection,5,In Development,unknown,0,0,0
indeed,235d27517d418e02,Systems Engineer,900Solutions,"Markham, ON L3R 9X7",2026-05-04 22:44:42,https://smartapply.indeed.com/beta/indeedapply/form/resume-selection-module/resume-selection,Unknown,In Development,unknown,0,0,0
indeed,6884a6254954bd44,Technical Support Specialist,HTM Sensors / Sandtron Automation,"Burlington, ON",2026-05-04 22:45:29,https://smartapply.indeed.com/beta/indeedapply/form/resume-selection-module/resume-selection,Unknown,In Development,unknown,0,0,0
indeed,e9f739364038639c,Senior IT Technician,Coonelli,"Greater Toronto Area, ON",2026-05-04 22:45:57,https://smartapply.indeed.com/beta/indeedapply/form/resume-selection-module/resume-selection,5,In Development,unknown,0,0,0
indeed,b91255e29ab94853,Microsoft 365 Solution Specialist,Brevitas Consulting Inc.,"Toronto, ON",2026-05-04 22:46:46,https://smartapply.indeed.com/beta/indeedapply/form/resume-selection-module/resume-selection,Unknown,In Development,unknown,0,0,0
indeed,cca14f296f0b88e0,IT Support Specialist - Onsite,Nucleus,"Toronto, ON M5E 1C5",2026-05-04 22:54:31,https://smartapply.indeed.com/beta/indeedapply/form/resume-selection-module/resume-selection,2,In Development,unknown,0,0,0
indeed,5446a1b3915f491d,Restaurant Systems Administrator,Foodtastic,"Mississauga, ON",2026-05-04 22:55:22,https://smartapply.indeed.com/beta/indeedapply/form/resume-selection-module/resume-selection,2,In Development,unknown,0,0,0
indeed,cf731cc3dff83b5b,Administrative Assistant,CGU Fine Wines Limited,"Concord, ON L4K 1J5",2026-05-04 22:56:12,https://smartapply.indeed.com/beta/indeedapply/form/resume-selection-module/resume-selection,Unknown,In Development,unknown,0,0,0
indeed,4af2e67328ee06fc,Office Administrator/Receptionist,Micro Printing ltd,"Mississauga, ON",2026-05-04 22:58:33,https://smartapply.indeed.com/beta/indeedapply/form/resume-selection-module/resume-selection,Unknown,In Development,unknown,0,0,0
indeed,60168586af3a6ef6,network system administrator,Mirvish Productions,"Toronto, ON M5V 1J2",2026-05-04 22:58:43,https://ca.indeed.com/viewjob?jk=60168586af3a6ef6,Groq approved,Saved on Indeed,unknown,0,0,0
indeed,20e140c7369aeb24,Databricks Platform Engineer,BrokerLink,"Toronto, ON",2026-05-04 22:58:47,https://ca.indeed.com/viewjob?jk=20e140c7369aeb24,Groq approved,Saved on Indeed,unknown,0,0,0
indeed,8a7bc47eb01cde03,IT Helpdesk Support (Tier 1/2),i3 Solutions Inc.,"Mississauga, ON L4W 4L5",2026-05-04 23:33:08,https://smartapply.indeed.com/beta/indeedapply/form/review-module,3,In Development,unknown,0,0,0
indeed,b08bbec8ec72c8ed,Salesforce Architect,CGI,"Toronto, ON M5B 2L7",2026-05-04 23:34:07,https://smartapply.indeed.com/beta/indeedapply/applybyapplyablejobid?indeedApplyableJobId=e87e8dc6-96d0-47bd-8b4f-8d883bd766e1-cGR4cHJvZDE&iaUid=1jnrdfd4sgstj801&iststd=1,12,In Development,unknown,0,0,0
indeed,e9c9bd555c365a28,Senior Salesforce Developer,CGI,"Toronto, ON M5B 2L7",2026-05-04 23:39:20,https://smartapply.indeed.com/beta/indeedapply/form/review-module,Unknown,In Development,unknown,0,0,0
indeed,d4430bb178fcbf06,Network Administrator,SickKids,"Toronto, ON M5G 1X8",2026-05-04 23:43:00,https://ca.indeed.com/viewjob?jk=d4430bb178fcbf06,Groq approved,Saved on Indeed,unknown,0,0,0
indeed,9184540a45866225,Senior Specialist - IT Security (Dev Sec Ops),Marsh,"Toronto, ON",2026-05-04 23:43:08,https://ca.indeed.com/viewjob?jk=9184540a45866225,Groq approved,Saved on Indeed,unknown,0,0,0
indeed,59935ecd1c44ade8,Systems Operations Specialist,NASDAQ,"Toronto, ON M5J 2V5",2026-05-04 23:43:27,https://ca.indeed.com/viewjob?jk=59935ecd1c44ade8,Groq approved,Saved on Indeed,unknown,0,0,0
indeed,7bed1ab7febe7ba9,System Administrator,BIT Solution,"Brampton, ON",2026-05-05 00:03:42,https://smartapply.indeed.com/beta/indeedapply/form/resume-selection-module/resume-selection,Unknown,In Development,unknown,0,0,0
indeed,94cd260cddbe5c14,Senior Software Developer,SGGG-FSI,"Toronto, ON M5H 3T9",2026-05-05 00:08:32,https://smartapply.indeed.com/beta/indeedapply/form/resume-selection-module/resume-selection,Unknown,In Development,unknown,0,0,0
indeed,b34815afffb8a199,System Administrator,Technical Standards and Safety Authority,"Toronto, ON M9W 6N9",2026-05-05 00:12:05,https://smartapply.indeed.com/beta/indeedapply/form/resume-selection-module/resume-selection,5,In Development,unknown,0,0,0
indeed,aab809c108096ecc,Salesforce Lead,OSI Digital,"Toronto, ON",2026-05-05 00:12:54,https://smartapply.indeed.com/beta/indeedapply/form/resume-selection-module/resume-selection,10,In Development,unknown,0,0,0
indeed,1fba939f63120fcc,Systems Administrator and Support Engineer,CMiC,"Toronto, ON M3J 3K1",2026-05-05 00:14:19,https://smartapply.indeed.com/beta/indeedapply/form/resume-selection-module/resume-selection,2,In Development,unknown,0,0,0
indeed,75a4670f073a3e5b,Front Desk Administrator,RE/MAX Your Community Realty Woodbridge,"Woodbridge, ON L4L 2S6",2026-05-05 00:15:58,https://smartapply.indeed.com/beta/indeedapply/form/resume-selection-module/resume-selection,Unknown,In Development,unknown,0,0,0
indeed,86caa2eccdd41eb1,"IIA Branch Systems Administrator, Global Wealth Management",Scotiabank,"Toronto, ON M5H 1H1",2026-05-05 00:16:54,https://ca.indeed.com/viewjob?jk=86caa2eccdd41eb1,Groq approved,Saved on Indeed,unknown,0,0,0
indeed,e6d4a3985076376f,Application Administrator,Royal Bank of Canada,"Toronto, ON M5J 2J5",2026-05-05 00:17:09,https://ca.indeed.com/viewjob?jk=e6d4a3985076376f,Groq approved,Saved on Indeed,unknown,0,0,0
indeed,4cc6d327ab727d70,Receptionist/Administrator,TAC Physiotherapy,"Mississauga, ON L4W 1V5",2026-05-05 00:17:40,https://smartapply.indeed.com/beta/indeedapply/form/resume-selection-module/resume-selection,Unknown,In Development,unknown,0,0,0
indeed,6e9b343e7eb8f584,technical support specialist – information technology (IT),Canada Micro Services,"Brampton, ON L6Z 0C9",2026-05-05 00:17:43,https://ca.indeed.com/viewjob?jk=6e9b343e7eb8f584,Groq approved,Saved on Indeed,unknown,0,0,0
indeed,e8f205e56ad0d6e5,Salesforce Administrator + Builder (5-month contract),AGF Management Limited,"Toronto, ON M5J 0E7",2026-05-05 00:23:50,https://ca.indeed.com/viewjob?jk=e8f205e56ad0d6e5,Groq approved,Saved on Indeed,unknown,0,0,0
indeed,836c2997e39f75bb,Operations Administrator,GFL Environmental,"Mississauga, ON L5T 2L2",2026-05-05 00:32:38,https://ca.indeed.com/viewjob?jk=836c2997e39f75bb,Groq approved,Saved on Indeed,unknown,0,0,0
indeed,7c923bd2678e9940,IT Service Desk Student - Mississauga,Hatch,"Mississauga, ON",2026-05-05 00:42:01,https://smartapply.indeed.com/beta/indeedapply/form/resume-selection-module/resume-selection,Unknown,In Development,unknown,0,0,0
indeed,010e0a74e9b6b32e,IT Helpdesk Support (Entry Level),Virtual TechPool,"North York, ON",2026-05-05 00:43:48,https://smartapply.indeed.com/beta/indeedapply/form/resume-selection-module/resume-selection,1,In Development,unknown,0,0,0
indeed,bb1fe4d38894dc30,Tech Support Specialist (Pre-Engineered Steel Buildings),Toro Steel Buildings,"Markham, ON L3R 5V2",2026-05-05 00:44:05,https://ca.indeed.com/viewjob?jk=bb1fe4d38894dc30,Groq approved,Saved on Indeed,unknown,0,0,0
indeed,405d860017deb313,Network Specialist (CyberSecurity),OPSEU/SEFPO,"North York, ON M3B 3P8",2026-05-05 00:44:09,https://ca.indeed.com/viewjob?jk=405d860017deb313,Groq approved,Saved on Indeed,unknown,0,0,0
indeed,27475540400cb7d8,TECHNOLOGY ANALYST 1,City of Toronto,"Toronto, ON M5H 2N2",2026-05-05 00:48:24,https://ca.indeed.com/viewjob?jk=27475540400cb7d8,Groq approved,Saved on Indeed,unknown,0,0,0
indeed,3035c5749161b236,Conseiller technique TI I,Intact,"Toronto, ON",2026-05-05 00:48:37,https://ca.indeed.com/viewjob?jk=3035c5749161b236,Groq approved,Saved on Indeed,unknown,0,0,0
indeed,5426d8db557e11ea,On-Site Solutions Specialist,White Cap Canada,"Bolton, ON L7E 2C7",2026-05-05 00:49:19,https://ca.indeed.com/viewjob?jk=5426d8db557e11ea,Groq approved,Saved on Indeed,unknown,0,0,0
indeed,6e68b8c44a05a384,Technical Support & Project Coordinato,EG COMM,"Concord, ON L4K 3C6",2026-05-05 00:50:35,https://smartapply.indeed.com/beta/indeedapply/form/resume-selection-module/resume-selection,2,In Development,unknown,0,0,0
indeed,6953c568f3fc2662,IT Security Coordinator,CAA SCO Systems & Services Inc,"Thornhill, ON L3T 0A1",2026-05-05 00:53:41,https://smartapply.indeed.com/beta/indeedapply/form/resume-selection-module/resume-selection,Unknown,In Development,unknown,0,0,0
indeed,59df1cd652c1601d,Support Services Analyst (6 months contract),Sobeys,"Mississauga, ON",2026-05-05 00:54:51,https://smartapply.indeed.com/beta/indeedapply/form/resume-selection-module/resume-selection,Unknown,In Development,unknown,0,0,0
indeed,5c6ff6562fe59f1e,Cell Phone Repair Technician,Near Me Telecom,"Brampton, ON L6W 2C2",2026-05-05 00:56:06,https://smartapply.indeed.com/beta/indeedapply/form/resume-selection-module/resume-selection,Unknown,In Development,unknown,0,0,0
indeed,0f7fef5a95524dd4,ERP Coordinator Co-op,Elite Window Fashions,"Concord, ON L4K 4K1",2026-05-05 00:56:49,https://smartapply.indeed.com/beta/indeedapply/form/resume-selection-module/resume-selection,Unknown,In Development,unknown,0,0,0
indeed,c5862b48c005f302,Apps Dev Programmer Analyst - Officer,Citi,"Mississauga, ON L5R 0B8",2026-05-05 00:57:07,https://ca.indeed.com/viewjob?jk=c5862b48c005f302,Groq approved,Saved on Indeed,unknown,0,0,0
indeed,d4b431d9ae7616f7,Fashion Allocation Analyst,YM Inc.,"North York, ON M6A 2W1",2026-05-05 00:58:27,https://smartapply.indeed.com/beta/indeedapply/form/resume-selection-module/resume-selection,1,In Development,unknown,0,0,0
indeed,e3f8c153af60d37f,Commercial Insurance Broker/Analyst,Vetust Global,"Toronto, ON",2026-05-05 01:00:10,https://smartapply.indeed.com/beta/indeedapply/form/qualification-questions-module,2,In Development,unknown,0,0,0
indeed,e5d1f09c3e4752b5,Applications Development Sr Programmer Analyst- KYC Transformation - Assistant Vice President,Citi,"Mississauga, ON L5R 0B8",2026-05-05 01:00:35,https://ca.indeed.com/viewjob?jk=e5d1f09c3e4752b5,Groq approved,Saved on Indeed,unknown,0,0,0
indeed,4c8c10c63533b672,Fixed Income Settlements Analyst,Tekstaff IT Solutions,"Toronto, ON M5C 1G3",2026-05-05 01:01:32,https://smartapply.indeed.com/beta/indeedapply/form/resume-selection-module/resume-selection,Unknown,In Development,unknown,0,0,0
indeed,b075f18af58150cd,Bilingual Analyst (Spanish/English),Charger Logistics Inc,"Brampton, ON",2026-05-05 01:02:33,https://smartapply.indeed.com/beta/indeedapply/form/resume-selection-module/resume-selection,Unknown,In Development,unknown,0,0,0
indeed,dd5e607b4b54808f,Creative Artist - Mobile Video Ads (Gacha Role-Playing Games),Tier 9 Game Studios Ltd.,"Toronto, ON M5C 1P1",2026-05-05 01:05:41,https://smartapply.indeed.com/beta/indeedapply/form/resume-selection-module/resume-selection,1,In Development,unknown,0,0,0
indeed,da661144c1d19c61,Application Development Technical Business Analyst Assistant Vice President,Citi,"Mississauga, ON L5R 0B8",2026-05-05 01:06:12,https://ca.indeed.com/viewjob?jk=da661144c1d19c61,Groq approved,Saved on Indeed,unknown,0,0,0
indeed,428192396db6f033,Applications Development Technology Lead Analyst - Vice President,Citi,"Mississauga, ON L5R 0B8",2026-05-05 01:06:17,https://ca.indeed.com/viewjob?jk=428192396db6f033,Groq approved,Saved on Indeed,unknown,0,0,0
indeed,33f0f05af8e36326,Commvault Backup & Recovery Specialist - Contract,Compugen Inc,"Toronto, ON",2026-05-05 01:06:35,https://ca.indeed.com/viewjob?jk=33f0f05af8e36326,Groq approved,Saved on Indeed,unknown,0,0,0
indeed,844de25d49c4b2b9,Infrastructure Engineer (EDA/CAD & Cloud),Advanced Technology Search Group,"Toronto, ON",2026-05-05 01:07:02,https://ca.indeed.com/viewjob?jk=844de25d49c4b2b9,Groq approved,Saved on Indeed,unknown,0,0,0
indeed,29971f234e50ac08,HV Substation Designer,RCM Technologies Canada Corp.,"Mississauga, ON L4W 4J1",2026-05-05 01:09:59,https://smartapply.indeed.com/beta/indeedapply/form/resume-selection-module/resume-selection,Unknown,In Development,unknown,0,0,0
indeed,e421fdb9e521399b,Proposal Coordinator,Soneil Spark,"Brampton, ON L6T 3T6",2026-05-05 01:13:40,https://smartapply.indeed.com/beta/indeedapply/form/resume-selection-module/resume-selection,5,In Development,unknown,0,0,0
indeed,3be4612569ab847d,Detailer (Scarborough Centre) - Collision,Assured Automotive,"Scarborough, ON M1P 3A6",2026-05-05 01:15:12,https://smartapply.indeed.com/beta/indeedapply/form/resume-selection-module/resume-selection,Unknown,In Development,unknown,0,0,0
indeed,915b1d661b5fcdec,Dental Hygienist,Passion Dental Group,"Toronto, ON M6K 1A1",2026-05-05 01:19:16,https://smartapply.indeed.com/beta/indeedapply/form/resume-selection-module/resume-selection,Unknown,In Development,unknown,0,0,0
indeed,dd089c64fa316f7c,Child and Youth Care Worker,wm+a,"Greater Toronto Area, ON",2026-05-05 01:20:31,https://smartapply.indeed.com/beta/indeedapply/form/resume-selection-module/resume-selection,2,In Development,unknown,0,0,0
indeed,ffb9414ea77e75aa,Automotive Service Technician,LOOLOO AUTO GROUP,"Brampton, ON L6W 1B3",2026-05-05 01:22:23,https://smartapply.indeed.com/beta/indeedapply/form/resume-selection-module/resume-selection,3,In Development,unknown,0,0,0
indeed,165f958e2d9f9688,Field Technician,Barbeque Pro Inc.,"Greater Toronto Area, ON",2026-05-05 01:23:42,https://smartapply.indeed.com/beta/indeedapply/form/resume-selection-module/resume-selection,2,In Development,unknown,0,0,0
indeed,e8946eacea1ca859,Senior Critical Power Systems Engineer (Field & Escalation),"Socomec, Inc.","Mississauga, ON",2026-05-05 01:27:05,https://smartapply.indeed.com/beta/indeedapply/form/resume-selection-module/resume-selection,Unknown,In Development,unknown,0,0,0
indeed,5b23e95bb3e4aef0,Installation Technician,Hitch City,"Scarborough, ON M1R 2T4",2026-05-05 01:28:59,https://smartapply.indeed.com/beta/indeedapply/form/resume-selection-module/resume-selection,1,In Development,unknown,0,0,0
indeed,3989e6bfbb107211,Administrateur de système,DMIB,"Sainte-Geneviève, QC H9H 1H1",2026-05-05 08:38:26,https://ca.indeed.com/viewjob?jk=3989e6bfbb107211&applied=1&from=smart-apply,Unknown,In Development,unknown,0,0,0
indeed,10017119a4d67966,"ServiceNow Developer (Platform Analytics, CMDB/CSDM, Playbooks, NowAssist)",Cadre,"Calgary, AB",2026-05-05 08:38:35,https://ca.indeed.com/viewjob?jk=10017119a4d67966,Groq approved,Saved on Indeed,unknown,0,0,0
indeed,58ff783fa323d09b,"Commercial - Telecom Technician (Security, Phone, TV, Internet)",Protel Industries Ltd.,"Lower Mainland, BC",2026-05-05 08:52:23,https://smartapply.indeed.com/beta/indeedapply/form/resume-selection-module/resume-selection,Unknown,In Development,unknown,0,0,0
indeed,bc9eba403b453256,Mobile Phone Technician,Gurus Cell Phone Repairs,"Surrey, BC",2026-05-05 08:52:55,https://smartapply.indeed.com/beta/indeedapply/form/resume-selection-module/resume-selection,Unknown,In Development,unknown,0,0,0
indeed,3078fb419f14f976,Mobile Phone Technician,Gurus Cell Phone Repairs,"North Vancouver, BC",2026-05-05 08:53:26,https://smartapply.indeed.com/beta/indeedapply/form/resume-selection-module/resume-selection,Unknown,In Development,unknown,0,0,0
indeed,21e0b989b17bce30,Senior Cabling Technician,Ainsworth,"Vancouver, BC",2026-05-05 08:57:57,https://smartapply.indeed.com/beta/indeedapply/form/resume-selection-module/resume-selection,Unknown,In Development,unknown,0,0,0
indeed,2032eab8a6c1d787,Lead Technician (Citiloc),Kendrix Technologies,"Burnaby, BC",2026-05-05 08:58:58,https://smartapply.indeed.com/beta/indeedapply/form/resume-selection-module/resume-selection,5,In Development,unknown,0,0,0
indeed,62302d240b004e3d,"Technical Architect, Platform",Metrolinx,Canada,2026-05-05 08:59:27,https://ca.indeed.com/viewjob?jk=62302d240b004e3d,Groq approved,Saved on Indeed,unknown,0,0,0
indeed,10125b6f65db2e24,FOUNDER’S ASSOCIATE (PR and Marketing),Genomii Lab Ltd.,"Vancouver, BC V6H 1T5",2026-05-05 09:01:01,https://smartapply.indeed.com/beta/indeedapply/form/resume-selection-module/resume-selection,3,In Development,unknown,0,0,0
indeed,0d1dd09e024a9edb,Pipe Layer - Civil Construction,Mackay Contracting,British Columbia,2026-05-05 09:03:53,https://smartapply.indeed.com/beta/indeedapply/form/resume-selection-module/resume-selection,Unknown,In Development,unknown,0,0,0
indeed,9e8fb5d139408a41,Land Survey Technician,gForm Enterprises Ltd.,"Richmond, BC V6W 1H9",2026-05-05 09:05:44,https://smartapply.indeed.com/beta/indeedapply/form/resume-selection-module/resume-selection,5,In Development,unknown,0,0,0
indeed,12e3643a09fb30b9,Cable Technician(low voltage),tvisha technologies ltd,"Vancouver, BC",2026-05-05 09:08:10,https://smartapply.indeed.com/beta/indeedapply/form/resume-selection-module/resume-selection,Unknown,In Development,unknown,0,0,0
indeed,6ea866276bd96577,Telecom Systems Lead,Pacific Energy Canada,"Vancouver, BC",2026-05-05 09:10:39,https://smartapply.indeed.com/beta/indeedapply/form/resume-selection-module/resume-selection,10,In Development,unknown,0,0,0
indeed,2ab68d503ea3332c,Board Member - ERA (Electronic Recycling Association),ERA,"Vancouver, BC",2026-05-05 09:11:36,https://smartapply.indeed.com/beta/indeedapply/form/resume-selection-module/resume-selection,Unknown,In Development,unknown,0,0,0
indeed,4d0c4171f66fe6b8,Senior Software Implementation Consultant,TradeBeyond (CBX Software),"Vancouver, BC V5N 5P4",2026-05-05 09:12:29,https://smartapply.indeed.com/beta/indeedapply/form/resume-selection-module/resume-selection,3,In Development,unknown,0,0,0
indeed,14167c3cc7e546e2,systems support representative,InfoSpec Systems Inc.,"Richmond, BC V6X 4E1",2026-05-05 09:15:29,https://ca.indeed.com/viewjob?jk=14167c3cc7e546e2,Groq approved,Saved on Indeed,unknown,0,0,0
indeed,5f32b0bf871d6760,alarm systems installer,Tvisha Technologies Ltd,"Vancouver, BC V5P 2W2",2026-05-05 09:15:32,https://ca.indeed.com/viewjob?jk=5f32b0bf871d6760,Groq approved,Saved on Indeed,unknown,0,0,0
indeed,b6895f3ea3e063b0,Finance Lead,Simon Fraser Student Society,"Burnaby, BC V5A 1S6",2026-05-05 09:17:43,https://smartapply.indeed.com/beta/indeedapply/form/resume-selection-module/resume-selection,7,In Development,unknown,0,0,0
indeed,ab1aa077c334286b,Automotive Pre-Sales SaaS Consultant,CDK Global,"Vancouver, BC",2026-05-05 09:17:46,https://ca.indeed.com/viewjob?jk=ab1aa077c334286b,Groq approved,Saved on Indeed,unknown,0,0,0
indeed,859423519e515232,Seasonal Inventory and Product Coordinator,Rack Attack,"Vancouver, BC V5Y 1E9",2026-05-05 09:18:19,https://smartapply.indeed.com/beta/indeedapply/form/resume-selection-module/resume-selection,Unknown,In Development,unknown,0,0,0
indeed,f5ba1d2e25475b21,Member Services Coordinator,BC Association of Kinesiologists,"Coquitlam, BC V3K 3E7",2026-05-05 09:19:24,https://smartapply.indeed.com/beta/indeedapply/form/resume-selection-module/resume-selection,5,In Development,unknown,0,0,0
indeed,8590049adfc4dfc9,Technical Project Coordinator (6-Month Contract),Seaspan Ship Management Ltd.,"Vancouver, BC",2026-05-05 09:26:06,https://ca.indeed.com/viewjob?jk=8590049adfc4dfc9,Groq approved,Saved on Indeed,unknown,0,0,0
indeed,dfde30d9347e06b8,"Technical Support Analyst, IT",Seequent,"Toronto, ON",2026-05-05 13:51:36,https://ca.indeed.com/viewjob?jk=dfde30d9347e06b8,Groq approved,Saved on Indeed,unknown,0,0,0
indeed,8bf2e2a12d0c46c9,Linux System Administrator and Automation Engineer,GlassHouse Systems,"Toronto, ON M3C 1V9",2026-05-05 13:52:13,https://smartapply.indeed.com/beta/indeedapply/form/resume-selection-module/resume-selection,10,In Development,unknown,0,0,0
indeed,3776a44312a400cd,Salesforce CRM Administrator (nonprofit),Chai Lifeline Canada,"North York, ON M3H 1S8",2026-05-05 13:52:45,https://smartapply.indeed.com/beta/indeedapply/form/resume-selection-module/resume-selection,4,In Development,unknown,0,0,0
indeed,9b71166eff84fff4,Insovency Support Administrator,Goldhar & Associates Ltd.,"Toronto, ON M6C 2E3",2026-05-05 13:56:46,https://smartapply.indeed.com/beta/indeedapply/form/resume-selection-module/resume-selection,5,In Development,unknown,0,0,0
indeed,280183dcc9a95f70,Office Administration,Rex Doors and Trim,"Mississauga, ON L4Y 2A4",2026-05-05 13:57:24,https://smartapply.indeed.com/beta/indeedapply/form/resume-selection-module/resume-selection,Unknown,In Development,unknown,0,0,0
indeed,59b38422861a6666,"Developer, Copilot Studio",Aecon Group,"Toronto, ON",2026-05-05 13:57:33,https://ca.indeed.com/viewjob?jk=59b38422861a6666,Groq approved,Saved on Indeed,unknown,0,0,0
indeed,783a56034ca2edc7,Jr. Network Analyst,BrokerLink,"Toronto, ON",2026-05-05 13:58:53,https://ca.indeed.com/viewjob?jk=783a56034ca2edc7,Groq approved,Saved on Indeed,unknown,0,0,0
indeed,2663eaa140e2785d,"Technician, Help Desk IT (Contract up to 6 Months)",Town of Caledon,"Caledon, ON L7C 1J6",2026-05-05 13:59:17,https://ca.indeed.com/viewjob?jk=2663eaa140e2785d,Groq approved,Saved on Indeed,unknown,0,0,0
indeed,0bbb0f2f5e455d3e,IT Support,QMN Consultants,"Mississauga, ON L5S 1G2",2026-05-05 14:00:04,https://smartapply.indeed.com/beta/indeedapply/form/resume-selection-module/resume-selection,Unknown,In Development,unknown,0,0,0
indeed,b8af431eef9c93e9,Dispatch Technician,BFG Enterprise Services,"Markham, ON L3S 3J1",2026-05-05 14:03:43,https://smartapply.indeed.com/beta/indeedapply/form/resume-selection-module/resume-selection,2,In Development,unknown,0,0,0
indeed,85ec92a6f17aef9e,Computer-savvy Dispatcher & IT Support,TRO Logistics,"Concord, ON",2026-05-05 14:04:46,https://smartapply.indeed.com/beta/indeedapply/form/resume-selection-module/resume-selection,3,In Development,unknown,0,0,0
indeed,7c38fde2d2c6984e,user support technician,Empire Distributions Inc.,"Mississauga, ON",2026-05-05 14:05:02,https://ca.indeed.com/viewjob?jk=7c38fde2d2c6984e,Groq approved,Saved on Indeed,unknown,0,0,0
indeed,17c371a0e000c39b,"Applications Development Senior Programmer Analyst, AVP",Citi,"Mississauga, ON L5R 0B8",2026-05-05 14:05:49,https://ca.indeed.com/viewjob?jk=17c371a0e000c39b,Groq approved,Saved on Indeed,unknown,0,0,0
indeed,353d1cd82ea1fa89,Java Full Stack Developer- Assistant Vice President,Citi,"Mississauga, ON L5R 0B8",2026-05-05 14:05:57,https://ca.indeed.com/viewjob?jk=353d1cd82ea1fa89,Groq approved,Saved on Indeed,unknown,0,0,0
indeed,1154e11b1b327333,IT & AI Solutions Engineer,O’Dell HVAC Group,"Waterloo, ON N2V 1A2",2026-05-05 20:32:53,https://smartapply.indeed.com/beta/indeedapply/form/resume-selection-module/resume-selection,2,In Development,unknown,0,0,0
indeed,badab329909b0194,Lead Technical Support Specialist,OpenText,"Waterloo, ON N2L 0A1",2026-05-05 20:32:59,https://ca.indeed.com/viewjob?jk=badab329909b0194,Groq approved,Saved on Indeed,unknown,0,0,0
indeed,a2316f631bb2b19e,In-School Technician (E),Waterloo Region District School Board,"Kitchener, ON N2R 1S3",2026-05-05 20:33:02,https://ca.indeed.com/viewjob?jk=a2316f631bb2b19e,Groq approved,Saved on Indeed,unknown,0,0,0
indeed,81c658307c92d875,Help Desk Technician III,Camis,"Guelph, ON N1H 5N8",2026-05-05 20:37:23,https://smartapply.indeed.com/beta/indeedapply/form/resume-selection-module/resume-selection,3,In Development,unknown,0,0,0
indeed,947b179f138a981c,Firmware QA Analyst,Miovision,"Kitchener, ON",2026-05-05 20:45:25,https://smartapply.indeed.com/beta/indeedapply/form/resume-selection-module/resume-selection,2,In Development,unknown,0,0,0
indeed,c376e8ad63c7880a,"Forward Deployed Engineer I, GenAI, Google Cloud",Google,"Waterloo, ON",2026-05-05 20:48:34,https://ca.indeed.com/viewjob?jk=c376e8ad63c7880a,Groq approved,Saved on Indeed,unknown,0,0,0
indeed,3c92a70a246e1007,Director of Information Management Risk,Sun Life,"Waterloo, ON N2J 4C5",2026-05-05 20:53:47,https://ca.indeed.com/viewjob?jk=3c92a70a246e1007,Groq approved,Saved on Indeed,unknown,0,0,0
indeed,0a270e7e25066ab9,"Staff Software Developer, Enterprise Chat, Google Cloud",Google,"Waterloo, ON",2026-05-05 20:58:03,https://ca.indeed.com/viewjob?jk=0a270e7e25066ab9,Groq approved,Saved on Indeed,unknown,0,0,0
indeed,7b3fa552a1ccf670,"Frontend Server Software Developer, Workspace Studio",Google,"Waterloo, ON",2026-05-05 20:58:05,https://ca.indeed.com/viewjob?jk=7b3fa552a1ccf670,Groq approved,Saved on Indeed,unknown,0,0,0
indeed,7d8bcb26c9f95cf9,"Senior Software Developer, Computer Vision, XR",Google,"Waterloo, ON",2026-05-05 20:58:07,https://ca.indeed.com/viewjob?jk=7d8bcb26c9f95cf9,Groq approved,Saved on Indeed,unknown,0,0,0
indeed,9b12ac441ea73da0,"Staff Software Developer, Android XR System Apps",Google,"Waterloo, ON",2026-05-05 20:58:11,https://ca.indeed.com/viewjob?jk=9b12ac441ea73da0,Groq approved,Saved on Indeed,unknown,0,0,0
indeed,0562bc15679a6f1e,Embedded Software Developer,Connect Tech,"Guelph, ON",2026-05-05 21:00:16,https://smartapply.indeed.com/beta/indeedapply/form/resume-selection-module/resume-selection,5,In Development,unknown,0,0,0
indeed,d58874cbbff2770d,Embedded Software Developer - LED,Christie Digital Systems Inc.,"Kitchener, ON N2G 4Y7",2026-05-05 21:15:19,https://smartapply.indeed.com/beta/indeedapply/form/resume-selection-module/resume-selection,Unknown,In Development,unknown,0,0,0
indeed,c8c3d77cb554e992,"Gestionnaire, Analytique des données",Manulife,"Waterloo, ON",2026-05-05 21:19:49,https://ca.indeed.com/viewjob?jk=c8c3d77cb554e992,Groq approved,Saved on Indeed,unknown,0,0,0
indeed,ef7284d1f354317e,Data Insights Lead,Manulife,"Waterloo, ON",2026-05-05 21:19:51,https://ca.indeed.com/viewjob?jk=ef7284d1f354317e,Groq approved,Saved on Indeed,unknown,0,0,0
indeed,575432921f102e96,Business Analyst,Eclipse Automation,"Cambridge, ON N1T 2E5",2026-05-05 21:20:50,https://smartapply.indeed.com/beta/indeedapply/form/review-module,3,In Development,unknown,0,0,0
indeed,9ac4372eddb51670,Pega Senior Business Consultant,Sun Life,"Waterloo, ON",2026-05-05 21:21:06,https://ca.indeed.com/viewjob?jk=9ac4372eddb51670,Groq approved,Saved on Indeed,unknown,0,0,0
indeed,49c292add7df32d1,Digital Product Owner,Manulife,"Waterloo, ON",2026-05-05 21:30:13,https://ca.indeed.com/viewjob?jk=49c292add7df32d1,Groq approved,Saved on Indeed,unknown,0,0,0
indeed,0258d8137c11cf23,"Analyst, Project Controls",Metrolinx,Canada,2026-05-05 21:31:09,https://ca.indeed.com/viewjob?jk=0258d8137c11cf23,Groq approved,Saved on Indeed,unknown,0,0,0
indeed,399497aa3385d39b,"Senior Coordinator, Quality Assurance",Metrolinx,Canada,2026-05-05 21:31:10,https://ca.indeed.com/viewjob?jk=399497aa3385d39b,Groq approved,Saved on Indeed,unknown,0,0,0
indeed,d6e4a0e51cece3bb,Personal Support Worker Regular Part-time (RWW FH PSW E4 0.40) AgeCare West Williams,AgeCare West Williams,"Kitchener, ON N2E 3Y4",2026-05-05 21:32:11,https://smartapply.indeed.com/beta/indeedapply/form/resume-selection-module/resume-selection,Unknown,In Development,unknown,0,0,0
indeed,0dafbc59da4e58f7,2026 Fall Product Quality Systems Co-op Student,Kenvue,"Guelph, ON",2026-05-05 21:33:32,https://ca.indeed.com/viewjob?jk=0dafbc59da4e58f7,Groq approved,Saved on Indeed,unknown,0,0,0
indeed,100d3d7c14e75fdb,Desktop Support Assistant (Non Technical) - 12 month contract,Electronic Arts,"Vancouver, BC",2026-05-06 00:11:11,https://ca.indeed.com/viewjob?jk=100d3d7c14e75fdb,Groq approved,Saved on Indeed,unknown,0,0,0
indeed,322c28493d8d945c,Service Desk Analyst 2,Beem Credit Union,"Burnaby, BC",2026-05-06 00:11:27,https://ca.indeed.com/viewjob?jk=322c28493d8d945c,Groq approved,Saved on Indeed,unknown,0,0,0
indeed,266b28e58aa960e0,IT Client Service Technician,Cloud9 Solutions Inc.,"Langley, BC",2026-05-06 00:12:46,https://smartapply.indeed.com/beta/indeedapply/form/resume-selection-module/resume-selection,1,In Development,unknown,0,0,0
indeed,a61a49b31065cb91,People Systems Analyst Co-op,Teck,"Vancouver, BC",2026-05-06 00:22:53,https://ca.indeed.com/viewjob?jk=a61a49b31065cb91,Groq approved,Saved on Indeed,unknown,0,0,0
indeed,7ff9d38f69c5a90c,Financial Systems Analyst I,WorkSafeBC,"Richmond, BC V7C 1C6",2026-05-06 00:22:58,https://ca.indeed.com/viewjob?jk=7ff9d38f69c5a90c,Groq approved,Saved on Indeed,unknown,0,0,0
indeed,c28d41c4c323a9c4,Alarm System Installation & Sales Technician (NOC 72205),Smart Connect,"Lower Mainland, BC",2026-05-06 00:39:35,https://smartapply.indeed.com/beta/indeedapply/form/resume-selection-module/resume-selection,Unknown,In Development,unknown,0,0,0
indeed,13e57e7d823a4238,Performance Engineer II,Best Buy Canada,"Coquitlam, BC V3J 3L8",2026-05-06 00:41:42,https://ca.indeed.com/viewjob?jk=13e57e7d823a4238,Groq approved,Saved on Indeed,unknown,0,0,0
indeed,b030cccd7e67ee32,Senior Security Engineer,FISPAN,"Vancouver, BC",2026-05-06 00:42:27,https://smartapply.indeed.com/beta/indeedapply/form/resume-selection-module/resume-selection,5,In Development,unknown,0,0,0
indeed,50fb35e2e8eb50db,business systems analyst,Zeal Solutions Ltd.,"Surrey, BC V3W 5M7",2026-05-06 00:44:14,https://ca.indeed.com/viewjob?jk=50fb35e2e8eb50db,Groq approved,Saved on Indeed,unknown,0,0,0
indeed,44694823ca6c89ca,"Implementation Consultant I, Commercial",Brex,"Vancouver, BC",2026-05-06 00:45:30,https://smartapply.indeed.com/beta/indeedapply/form/resume-selection-module/resume-selection,2,In Development,unknown,0,0,0
indeed,3851f62d47a96931,IT Support Technician,The Human IT Company,"Vancouver, BC",2026-05-06 17:56:21,https://smartapply.indeed.com/beta/indeedapply/form/resume-selection-module/resume-selection,2,In Development,easy_apply,1,1,0
indeed,d4f7c4ffd220ba6e,Customer Support Lead,Binary Stream,"Burnaby, BC",2026-05-06 18:02:05,https://smartapply.indeed.com/beta/indeedapply/form/resume-selection-module/resume-selection,5,In Development,easy_apply,10,10,0
indeed,fa749e5910379776,Hardware Support Technician,Technology Stay Connected,"Vancouver, BC",2026-05-06 18:02:49,https://smartapply.indeed.com/beta/indeedapply/form/resume-selection-module/resume-selection,Unknown,In Development,unknown,0,0,0
indeed,9850abc5798adc91,Senior Systems Administrator,Scout Technology Guides Inc.,"Langley, BC",2026-05-06 18:02:54,https://ca.indeed.com/viewjob?jk=9850abc5798adc91,Groq approved,Saved on Indeed,unknown,0,0,0
indeed,8b0f45003e045143,IT Technician,Xen AI,"Vancouver, BC",2026-05-06 18:05:13,https://smartapply.indeed.com/beta/indeedapply/form/resume-selection-module/resume-selection,Unknown,In Development,unknown,0,0,0
indeed,d84ea7bcaa15eb54,installation and repair technician - telecommunications,Rcom Communication Ltd,"Surrey, BC V3W 1H8",2026-05-06 18:07:06,https://ca.indeed.com/viewjob?jk=d84ea7bcaa15eb54,Groq approved,Saved on Indeed,unknown,0,0,0
indeed,2ec35eb1f5622ef1,Technical Business Analyst - ERP Data Migration (contract),Teck,"Vancouver, BC",2026-05-06 18:28:15,https://ca.indeed.com/viewjob?jk=2ec35eb1f5622ef1,Groq approved,Saved on Indeed,unknown,0,0,0
indeed,c11770fc7a775e03,IT Help Desk,Brikers,"Maple Ridge, BC",2026-05-06 19:15:21,https://smartapply.indeed.com/beta/indeedapply/form/resume-selection-module/resume-selection,3,In Development,easy_apply,6,6,0
indeed,d2ac7d715104a385,IT Service Specialist (12 month contract),Electronic Arts,"Vancouver, BC",2026-05-06 19:17:05,https://ca.indeed.com/viewjob?jk=d2ac7d715104a385,Job gate approved,Saved on Indeed,unknown,0,0,0
indeed,d31979dbfac3d900,Technical Analyst 3,FORTIS BC,"Surrey, BC V4N 0E8",2026-05-06 19:17:07,https://ca.indeed.com/viewjob?jk=d31979dbfac3d900,Job gate approved,Saved on Indeed,unknown,0,0,0
indeed,f7f93f0f685ce476,"IT Analyst, Server and Virtualization, Technology Services",PHSA,"Burnaby, BC",2026-05-06 19:17:12,https://ca.indeed.com/viewjob?jk=f7f93f0f685ce476,Job gate approved,Saved on Indeed,unknown,0,0,0
indeed,6825cb2656800f05,"Technical Specialist, Network",Pattison Food Group,"Langley, BC",2026-05-06 19:17:14,https://ca.indeed.com/viewjob?jk=6825cb2656800f05,Job gate approved,Saved on Indeed,unknown,0,0,0
indeed,bd32edcbd763346f,IT Support Specialist - VAN-1054,PBX Engineering Ltd.,"Vancouver, BC V6C 1B4",2026-05-06 19:17:36,https://ca.indeed.com/viewjob?jk=bd32edcbd763346f,Job gate approved,Saved on Indeed,unknown,0,0,0
indeed,f4e82f2c3150135e,Junior IT Support Technician,BC Centre for Excellence in HIV/AIDS,"Vancouver, BC V6A 1H2",2026-05-06 19:19:34,https://smartapply.indeed.com/beta/indeedapply/form/resume-selection-module/resume-selection,Unknown,In Development,unknown,0,0,0
indeed,f3c121c42d195e3c,Lead SOC Analyst,Copperleaf Technologies Inc.,"Vancouver, BC",2026-05-06 19:37:37,https://ca.indeed.com/viewjob?jk=f3c121c42d195e3c,Job gate approved,Saved on Indeed,unknown,0,0,0
indeed,59092a801fa200d8,"Senior Systems Analyst, Core & Charge Services, Regional Digital Solutions",PHSA,"Burnaby, BC",2026-05-06 19:37:58,https://ca.indeed.com/viewjob?jk=59092a801fa200d8,Job gate approved,Saved on Indeed,unknown,0,0,0
indeed,5c764631e1412e7e,Configuration Analyst,Forward Insurance Managers Ltd.,"Vancouver, BC V6C 1X8",2026-05-06 19:38:48,https://smartapply.indeed.com/beta/indeedapply/form/resume-selection-module/resume-selection,Unknown,In Development,easy_apply,1,1,0
indeed,41a5dada7ffc54d9,Business Systems Analyst,District of West Vancouver,"Vancouver, BC",2026-05-06 19:42:55,https://ca.indeed.com/viewjob?jk=41a5dada7ffc54d9,Job gate approved,Saved on Indeed,unknown,0,0,0
indeed,9d2842a326e908fa,HR Systems Analyst,BC Housing,"Burnaby, BC",2026-05-06 19:43:06,https://ca.indeed.com/viewjob?jk=9d2842a326e908fa,Job gate approved,Saved on Indeed,unknown,0,0,0
indeed,23f5282f9cfa6ff0,"Senior Full-Stack Engineer, Home and Explore",Remitly,"Burnaby, BC",2026-05-06 19:43:13,https://ca.indeed.com/viewjob?jk=23f5282f9cfa6ff0,Job gate approved,Saved on Indeed,unknown,0,0,0
indeed,9db6a0db5a756ba5,Senior Analytics Solutions Engineer,WorkSafeBC,"Richmond, BC V7C 1C6",2026-05-06 19:43:59,https://ca.indeed.com/viewjob?jk=9db6a0db5a756ba5,Job gate approved,Saved on Indeed,unknown,0,0,0
indeed,52957e7323cc8177,"Integration Developer, Fall 2026 - Toronto or Vancouver (Co-op/Internship) - 4 Months",QuadReal Property Group,"Vancouver, BC",2026-05-06 19:44:06,https://ca.indeed.com/viewjob?jk=52957e7323cc8177,Job gate approved,Saved on Indeed,unknown,0,0,0
indeed,8f7d78188e4bac91,Information Technology Specialist,Community Living North Halton,"Milton, ON L9T 5E3",2026-05-06 23:15:04,https://smartapply.indeed.com/beta/indeedapply/form/resume-selection-module/resume-selection,Unknown,In Development,easy_apply,1,1,0
indeed,913ea90822190dd0,Network Specialist (Transport),ORION,"Toronto, ON M5B 1M4",2026-05-06 23:18:37,https://ca.indeed.com/viewjob?jk=913ea90822190dd0&applied=1&from=smart-apply,2,In Development,unknown,0,0,0
indeed,853d80bcb9a1f510,Application Analyst AS400 (IBM),YM INC.,"North York, ON M6A 2W1",2026-05-06 23:20:42,https://ca.indeed.com/viewjob?jk=853d80bcb9a1f510&applied=1&from=smart-apply,5,In Development,easy_apply,4,4,0
indeed,f8259b68fde7975b,Distribution Center (DC) Support Analyst,BFG Enterprise Services,"Brampton, ON",2026-05-06 23:21:31,https://smartapply.indeed.com/beta/indeedapply/form/questions-module/questions/1,2,In Development,easy_apply,5,5,0
indeed,d1ee1a52bd19bf4e,Temporary/Part-Time IT Support Technician - Level 1,ZOOK,"Burlington, ON L7L 5R8",2026-05-06 23:22:01,https://smartapply.indeed.com/beta/indeedapply/form/review-module,0,In Development,unknown,0,0,0
indeed,f8c18269f1fd14f7,System Support Analyst,Ledcor,"Etobicoke, ON",2026-05-06 23:22:15,https://ca.indeed.com/viewjob?jk=f8c18269f1fd14f7,Job gate approved,Saved on Indeed,unknown,0,0,0
indeed,608d384400cbf3a0,information technology (IT) support technician,Black Arrow Construction,"North York, ON M3C 3R6",2026-05-06 23:22:29,https://ca.indeed.com/viewjob?jk=608d384400cbf3a0,Job gate approved,Saved on Indeed,unknown,0,0,0
indeed,31b3cdfe97ffe669,IT & Data Operations Coordinator,Scarborough Health Network,"Scarborough, ON M1P 2V5",2026-05-06 23:22:54,https://ca.indeed.com/viewjob?jk=31b3cdfe97ffe669,Job gate approved,Saved on Indeed,unknown,0,0,0
indeed,968079dae16eed7e,Validation Specialist,CORE Services Inc.,"Mississauga, ON",2026-05-06 23:30:18,https://smartapply.indeed.com/beta/indeedapply/form/resume-selection-module/resume-selection,2,In Development,easy_apply,3,3,0
indeed,51c399107a5ec91c,IT Support & Infrastructure Administrator,Variety Village,"Scarborough, ON M1N 2G2",2026-05-06 23:31:43,https://smartapply.indeed.com/beta/indeedapply/form/resume-selection-module/resume-selection,5,In Development,easy_apply,2,2,0
indeed,3ab50dab14fc9ad0,Linux & IT Specialist Admin,Jonas Software,"Toronto, ON",2026-05-06 23:31:52,https://ca.indeed.com/viewjob?jk=3ab50dab14fc9ad0,Job gate approved,Saved on Indeed,unknown,0,0,0
indeed,d6a9a9ed812f70d8,"DCS, IT Design Specialist",Hitachi Rail,"Toronto, ON",2026-05-06 23:32:29,https://ca.indeed.com/viewjob?jk=d6a9a9ed812f70d8,Job gate approved,Saved on Indeed,unknown,0,0,0
indeed,662570153d5b47de,Senior Java Developer,Citi,"Mississauga, ON L5R 0B8",2026-05-06 23:32:55,https://ca.indeed.com/viewjob?jk=662570153d5b47de,Job gate approved,Saved on Indeed,unknown,0,0,0
indeed,881788ad80110ce2,Senior Java Developer,Citi,"Mississauga, ON L5B 3P7",2026-05-06 23:33:03,https://ca.indeed.com/viewjob?jk=881788ad80110ce2,Job gate approved,Saved on Indeed,unknown,0,0,0
indeed,d9d5db267495c898,IT Service Desk Analyst,The Hillman Group,"Toronto, ON M1X 0C6",2026-05-06 23:35:09,https://smartapply.indeed.com/beta/indeedapply/form/resume-selection-module/resume-selection,2,In Development,easy_apply,5,5,0
indeed,35be13195fb51069,Fall Term Network Flow Support Analyst Co-op,TJX Canada,"Mississauga, ON",2026-05-06 23:35:48,https://ca.indeed.com/viewjob?jk=35be13195fb51069,Job gate approved,Saved on Indeed,unknown,0,0,0
indeed,06d288dce6e5b49c,Junior IT Support Technician,British Columbia Centre for Excellence,"Vancouver, BC",2026-05-07 10:12:50,https://ca.indeed.com/viewjob?jk=06d288dce6e5b49c,Job gate approved,Saved on Indeed,unknown,0,0,0
indeed,5ea3f2796ba4620f,Technicien·ne en informatique (37.50 hrs/sem),Conseil scolaire francophone de la...,"Richmond, BC V6V 2J8",2026-05-07 10:13:01,https://ca.indeed.com/viewjob?jk=5ea3f2796ba4620f,Job gate approved,Saved on Indeed,unknown,0,0,0
indeed,ad00dc7379fe91d4,Technicien·ne en informatique (37.50 hrs/sem),Bureau Central,"Richmond, BC V6V 2J8",2026-05-07 10:14:08,https://smartapply.indeed.com/beta/indeedapply/form/resume-selection-module/resume-selection,Unknown,In Development,easy_apply,4,4,0
indeed,41ca40c3c138106e,IT Security Manager,PayByPhone,"Vancouver, BC V6B 2Y5",2026-05-07 10:16:09,https://smartapply.indeed.com/beta/indeedapply/form/resume-selection-module/resume-selection,5,In Development,easy_apply,2,2,0
indeed,2d96811b3a1c97e3,Intermediate Product Analyst,Simon Fraser University,"Burnaby, BC V5A 1S6",2026-05-07 10:16:22,https://ca.indeed.com/viewjob?jk=2d96811b3a1c97e3,Job gate approved,Saved on Indeed,unknown,0,0,0
indeed,67d21096760d9739,Solutions Engineer,Unblocked,"Vancouver, BC",2026-05-07 10:21:37,https://ca.indeed.com/viewjob?jk=67d21096760d9739,Job gate approved,Saved on Indeed,unknown,0,0,0
indeed,a7853bca10ccdaf2,Wireless and Connectivity Integration Engineer,Rivian and Volkswagen Group Technologies,"Vancouver, BC",2026-05-07 10:26:33,https://ca.indeed.com/viewjob?jk=a7853bca10ccdaf2,Job gate approved,Saved on Indeed,unknown,0,0,0
indeed,94ae05075bcdd0e5,"Senior Site Reliability Engineer, Developer Platform",Rivian and Volkswagen Group Technologies,"Vancouver, BC",2026-05-07 10:26:46,https://ca.indeed.com/viewjob?jk=94ae05075bcdd0e5,Job gate approved,Saved on Indeed,unknown,0,0,0
indeed,09081b67496e8839,Sr. Infotainment Integration Engineer,Rivian and Volkswagen Group Technologies,"Vancouver, BC",2026-05-07 10:26:59,https://ca.indeed.com/viewjob?jk=09081b67496e8839,Job gate approved,Saved on Indeed,unknown,0,0,0
indeed,61b83fb44e1c6530,Sr. Automation Engineer,Rivian and Volkswagen Group Technologies,"Vancouver, BC",2026-05-07 10:27:07,https://ca.indeed.com/viewjob?jk=61b83fb44e1c6530,Job gate approved,Saved on Indeed,unknown,0,0,0
indeed,d9baa55e20ada61b,Senior Solutions Engineer (Pre Sales) - Canada (Hybrid),WISI,"Pitt Meadows, BC",2026-05-07 10:28:10,https://smartapply.indeed.com/beta/indeedapply/form/resume-selection-module/resume-selection,10,In Development,easy_apply,2,2,0
indeed,878a94d00c27cb97,Sr. Systems Integration Engineer,Rivian and Volkswagen Group Technologies,"Vancouver, BC",2026-05-07 10:28:20,https://ca.indeed.com/viewjob?jk=878a94d00c27cb97,Job gate approved,Saved on Indeed,unknown,0,0,0
indeed,ea5ee46e910f28c8,Regional network manager,Roadhire,"Lower Mainland, BC",2026-05-07 10:30:05,https://smartapply.indeed.com/beta/indeedapply/form/resume-selection-module/resume-selection,Unknown,In Development,unknown,0,0,0
indeed,b2e3ba27a67947a7,"Consultant principal en Sécurité des applications, Mandiant, Google Cloud",Google,"Vancouver, BC",2026-05-07 10:30:56,https://ca.indeed.com/viewjob?jk=b2e3ba27a67947a7,Job gate approved,Saved on Indeed,unknown,0,0,0
indeed,afbaf431da00e69f,"Software Development Engineer II, EC2 Networking",Amazon Development Centre Canada ULC,"Vancouver, BC",2026-05-07 10:31:10,https://ca.indeed.com/viewjob?jk=afbaf431da00e69f,Job gate approved,Saved on Indeed,unknown,0,0,0
indeed,20b6c07dec4bf043,Senior Manager – Systems Engineering,TELUS Digital,"Vancouver, BC",2026-05-07 10:31:41,https://ca.indeed.com/viewjob?jk=20b6c07dec4bf043,Job gate approved,Saved on Indeed,unknown,0,0,0
indeed,713b8e1354e2de87,Sr. Software Engineer I,Planview Incorporated,"Vancouver, BC V6B 4N6",2026-05-07 10:32:28,https://ca.indeed.com/viewjob?jk=713b8e1354e2de87,Job gate approved,Saved on Indeed,unknown,0,0,0
indeed,4f2b07ef27a40f5c,Senior Software Engineer - IoT,Rivian and Volkswagen Group Technologies,"Vancouver, BC",2026-05-07 10:35:31,https://ca.indeed.com/viewjob?jk=4f2b07ef27a40f5c,Job gate approved,Saved on Indeed,unknown,0,0,0
indeed,15d9c516e9689098,Performance Engineer II,Best Buy Canada,"Richmond, BC V6Y 4L3",2026-05-07 10:36:07,https://ca.indeed.com/viewjob?jk=15d9c516e9689098,Job gate approved,Saved on Indeed,unknown,0,0,0
indeed,c8d08d8cb53d1fb3,Senior SQL Developer (REMOTE),NTT Ltd,"Vancouver, BC",2026-05-07 10:40:31,https://ca.indeed.com/viewjob?jk=c8d08d8cb53d1fb3,Job gate approved,Saved on Indeed,unknown,0,0,0
indeed,04306b1bc9be91f5,"Senior Data Engineer, Ingestion Framework - Data & AI Platform",Rivian and Volkswagen Group Technologies,"Vancouver, BC",2026-05-07 10:40:45,https://ca.indeed.com/viewjob?jk=04306b1bc9be91f5,Job gate approved,Saved on Indeed,unknown,0,0,0
indeed,02db6111e844c629,Infrastructure Platform Admin II,Insurance Corporation of British Columbia,"North Vancouver, BC",2026-05-07 10:41:16,https://ca.indeed.com/viewjob?jk=02db6111e844c629,Job gate approved,Saved on Indeed,unknown,0,0,0
indeed,e59ed50242260806,Sr. Software Engineer - Consumer Platform,Rivian and Volkswagen Group Technologies,"Vancouver, BC",2026-05-07 10:41:24,https://ca.indeed.com/viewjob?jk=e59ed50242260806,Job gate approved,Saved on Indeed,unknown,0,0,0
indeed,b82df2b03d3c0d82,Sr. Software Engineer,Rivian and Volkswagen Group Technologies,"Vancouver, BC",2026-05-07 10:41:32,https://ca.indeed.com/viewjob?jk=b82df2b03d3c0d82,Job gate approved,Saved on Indeed,unknown,0,0,0
indeed,84e6e183979371ba,"Principal Engineer, Verification Platform",Remitly,"Burnaby, BC",2026-05-07 10:41:39,https://ca.indeed.com/viewjob?jk=84e6e183979371ba,Job gate approved,Saved on Indeed,unknown,0,0,0
indeed,305e688412f4e58f,Intermediate Software Engineer - Artificial Intelligence (AI),Tucows Inc.,"Vancouver, BC",2026-05-07 10:44:25,https://smartapply.indeed.com/beta/indeedapply/form/resume-selection-module/resume-selection,3,In Development,unknown,0,0,0
indeed,09b9f6d793fea996,"Staff Embedded Software Engineer, Virtualization",Rivian and Volkswagen Group Technologies,"Vancouver, BC",2026-05-07 10:47:37,https://ca.indeed.com/viewjob?jk=09b9f6d793fea996,Job gate approved,Saved on Indeed,unknown,0,0,0
indeed,64ff5a15349ab1d7,"Senior Embedded Software Engineer, BMS Drivers",Rivian and Volkswagen Group Technologies,"Vancouver, BC",2026-05-07 10:47:51,https://ca.indeed.com/viewjob?jk=64ff5a15349ab1d7,Job gate approved,Saved on Indeed,unknown,0,0,0
indeed,d3f344d39b8968a7,"Coordinator, Security Systems Operations",Fraser Health,"Surrey, BC V3V 1Z2",2026-05-07 10:49:05,https://smartapply.indeed.com/beta/indeedapply/form/resume-selection-module/resume-selection,2,In Development,easy_apply,1,1,0
indeed,8c65d4c864d90289,Cybersecurity Planning Advisor,BC Hydro,"Vancouver, BC V6B 5R3",2026-05-07 10:50:11,https://ca.indeed.com/viewjob?jk=8c65d4c864d90289,Job gate approved,Saved on Indeed,unknown,0,0,0
indeed,344c508d2466d06a,"Senior Application Security Consultant, Mandiant, Google Cloud",Google,"Vancouver, BC",2026-05-07 10:50:26,https://ca.indeed.com/viewjob?jk=344c508d2466d06a,Job gate approved,Saved on Indeed,unknown,0,0,0
indeed,04dd5df678373938,"Gestionnaire de programme, gouvernance des données - Analyse des inconditionnels / Data Governance Program Manager - Fan Intelligence",Electronic Arts,"Vancouver, BC",2026-05-07 10:51:29,https://ca.indeed.com/viewjob?jk=04dd5df678373938,Job gate approved,Saved on Indeed,unknown,0,0,0
indeed,9f973b1799cc62ed,"Senior Software Engineer, Consumption Based Billing & Licensing",Asana,"Vancouver, BC",2026-05-07 11:21:17,https://smartapply.indeed.com/beta/indeedapply/form/resume-selection-module/resume-selection,7,In Development,easy_apply,5,5,0
indeed,4a136cba6d2427d2,"Senior Embedded Software Engineer, VCS",Rivian and Volkswagen Group Technologies,"Vancouver, BC",2026-05-07 11:21:44,https://ca.indeed.com/viewjob?jk=4a136cba6d2427d2,Job gate approved,Saved on Indeed,unknown,0,0,0
indeed,08c94eec4aa52076,Test Enablement Co-op,Visier Inc.,"Vancouver, BC",2026-05-07 11:32:49,https://ca.indeed.com/viewjob?jk=08c94eec4aa52076,Job gate approved,Saved on Indeed,unknown,0,0,0
indeed,6ca6b5d99ac4f9fe,Software Developer Co-op,Visier Inc.,"Vancouver, BC",2026-05-07 11:33:19,https://ca.indeed.com/viewjob?jk=6ca6b5d99ac4f9fe,Job gate approved,Saved on Indeed,unknown,0,0,0
indeed,3d364f4ceb32db6e,Sr. Staff Software Engineer Infotainment Software,Rivian and Volkswagen Group Technologies,"Vancouver, BC",2026-05-07 11:33:40,https://ca.indeed.com/viewjob?jk=3d364f4ceb32db6e,Job gate approved,Saved on Indeed,unknown,0,0,0
indeed,e936838c33f8d010,MarTech Specialist,London Drugs Limited,"Richmond, BC V7A 4X5",2026-05-07 11:36:16,https://smartapply.indeed.com/beta/indeedapply/form/resume-selection-module/resume-selection,5,In Development,unknown,0,0,0
indeed,7b36d1f673d115b2,ERP Testing Lead (contract),Teck,"Vancouver, BC",2026-05-07 11:37:57,https://ca.indeed.com/viewjob?jk=7b36d1f673d115b2,Job gate approved,Saved on Indeed,unknown,0,0,0
indeed,2e854d8d013b4d98,Business Intelligence (BI) Assistant,Select Wines,"Vancouver, BC V6B 5L1",2026-05-07 11:48:31,https://smartapply.indeed.com/beta/indeedapply/form/resume-selection-module/resume-selection,Unknown,In Development,easy_apply,5,5,0
indeed,c0760108efb59c12,Digital Analytics Specialist,Insurance Corporation of British Columbia,"North Vancouver, BC",2026-05-07 11:48:40,https://ca.indeed.com/viewjob?jk=c0760108efb59c12,Job gate approved,Saved on Indeed,unknown,0,0,0
indeed,554d062a9d3a2cd7,Senior Business Analyst-Mandarin Speaker,Fantuan Technology Ltd.,"Burnaby, BC V5J 5J8",2026-05-07 11:51:35,https://smartapply.indeed.com/beta/indeedapply/form/resume-selection-module/resume-selection,3,In Development,easy_apply,2,2,0
indeed,343ebfe59a9e0d52,Data Analyst,University of British Columbia,"Vancouver, BC",2026-05-07 11:52:10,https://ca.indeed.com/viewjob?jk=343ebfe59a9e0d52,Job gate approved,Saved on Indeed,unknown,0,0,0
indeed,5e90a376ab34006b,Security Risk Analyst,Miller Thomson,"Vancouver, BC V7Y 1K8",2026-05-07 11:52:19,https://ca.indeed.com/viewjob?jk=5e90a376ab34006b,Job gate approved,Saved on Indeed,unknown,0,0,0
indeed,4229019aabfc1b6f,Security Operations Analyst,Miller Thomson,"Vancouver, BC V7Y 1K8",2026-05-07 11:52:27,https://ca.indeed.com/viewjob?jk=4229019aabfc1b6f,Job gate approved,Saved on Indeed,unknown,0,0,0
indeed,60861499c519605e,"Analytics Engineer - Skate, Data and Insights (D&I)",Electronic Arts,"Vancouver, BC",2026-05-07 11:52:43,https://ca.indeed.com/viewjob?jk=60861499c519605e,Job gate approved,Saved on Indeed,unknown,0,0,0
indeed,44a2daad7d456ef7,Graduate Teaching Assistant- Health Data Analytics Course: Health Data Analysis and Machine Learning,UBC Faculty of Forestry,"Vancouver, BC",2026-05-07 11:52:57,https://ca.indeed.com/viewjob?jk=44a2daad7d456ef7,Job gate approved,Saved on Indeed,unknown,0,0,0
indeed,cfcc0724a79d30d3,Architecte de solutions géospatiales,Consortech,Canada,2026-05-07 11:54:19,https://smartapply.indeed.com/beta/indeedapply/form/resume-selection-module/resume-selection,Unknown,In Development,unknown,0,0,0
indeed,2a0fb426c90bbf59,Conseiller(ère) en intégration de données FME,Consortech,Canada,2026-05-07 11:55:34,https://smartapply.indeed.com/beta/indeedapply/form/resume-selection-module/resume-selection,Unknown,In Development,unknown,0,0,0
indeed,552faf7541fbac6b,Chef de Partie,Mercato di Luigi,"Vancouver, BC V6A 1Z6",2026-05-07 11:57:08,https://smartapply.indeed.com/beta/indeedapply/form/resume-selection-module/resume-selection,2,In Development,easy_apply,2,2,1
indeed,359de784f452f581,Chef de Partie,AMA Raw Bar,"Vancouver, BC V5V 4E4",2026-05-07 12:09:58,https://smartapply.indeed.com/beta/indeedapply/form/resume-selection-module/resume-selection,Unknown,In Development,unknown,0,0,0
indeed,6a4bf92dfafcc50b,Quality Systems Technician,Industrial Electric Manufacturing,"Surrey, BC",2026-05-07 12:22:23,https://smartapply.indeed.com/beta/indeedapply/form/resume-selection-module/resume-selection,2,In Development,easy_apply,5,5,0
indeed,a6fb110547d00ccf,Supply Chain Business Analyst,Select Wines,"Vancouver, BC V6B 5L1",2026-05-07 12:25:49,https://smartapply.indeed.com/beta/indeedapply/form/resume-selection-module/resume-selection,3,In Development,easy_apply,4,4,0
indeed,0aaeb2787cabeed2,"Senior Software Engineer, AI Chat",Asana,"Vancouver, BC",2026-05-07 12:29:00,https://smartapply.indeed.com/beta/indeedapply/form/resume-selection-module/resume-selection,7,In Development,easy_apply,5,5,0
indeed,659f259e984597ba,"Senior Software Engineer, Payment Platform",Asana,"Vancouver, BC",2026-05-07 12:30:18,https://smartapply.indeed.com/beta/indeedapply/form/resume-selection-module/resume-selection,7,In Development,easy_apply,5,5,0
indeed,aeee2e337785ed1a,"Senior Engineering Manager, Consumption Based Billing & Licensing",Asana,"Vancouver, BC",2026-05-07 12:31:50,https://smartapply.indeed.com/beta/indeedapply/form/resume-selection-module/resume-selection,7,In Development,easy_apply,5,5,0
indeed,c712af37ab3f73ef,Associate Product Manager - Remote,Whitecollars,"Vancouver, BC",2026-05-07 12:33:33,https://smartapply.indeed.com/beta/indeedapply/form/resume-selection-module/resume-selection,3,In Development,easy_apply,24,24,0
indeed,de75ccd5d0895eb4,Data Analyst - Data Visualization Analyst - Senior,Insurance Corporation of British Columbia,"North Vancouver, BC",2026-05-07 12:34:05,https://ca.indeed.com/viewjob?jk=de75ccd5d0895eb4,Job gate approved,Saved on Indeed,unknown,0,0,0
indeed,a6fecef93c74d659,Senior Data Analyst,Best Buy Canada,"Vancouver, BC V5Y 3X7",2026-05-07 12:49:31,https://ca.indeed.com/viewjob?jk=a6fecef93c74d659,Job gate approved,Saved on Indeed,unknown,0,0,0
indeed,43fc1032cf7758e0,Sr. Business Intelligence Analyst,Visier Inc.,"Vancouver, BC",2026-05-07 12:50:08,https://ca.indeed.com/viewjob?jk=43fc1032cf7758e0,Job gate approved,Saved on Indeed,unknown,0,0,0
indeed,97f3af7c7d29429e,Graduate Teaching Assistant- Health Data Analytics Course: Health Data and Visualization,UBC Faculty of Forestry,"Vancouver, BC",2026-05-07 12:57:02,https://ca.indeed.com/viewjob?jk=97f3af7c7d29429e,Job gate approved,Saved on Indeed,unknown,0,0,0
indeed,5d955f93e034fb8a,Senior Systems Analyst/Desinger Clinical,PHSA,"Vancouver, BC V6H 1G9",2026-05-07 13:03:46,https://ca.indeed.com/viewjob?jk=5d955f93e034fb8a,Job gate approved,Saved on Indeed,unknown,0,0,0
indeed,b016a2739ec8dd45,Field Installation Coordinator / Supervisor (On-site Operations),Target Digital,"Vancouver, BC",2026-05-07 13:04:37,https://smartapply.indeed.com/beta/indeedapply/form/resume-selection-module/resume-selection,5,In Development,unknown,0,0,0
indeed,c027d47fd87d285d,Senior IT Knowledge Specialist,Clio,"Vancouver, BC",2026-05-07 13:07:28,https://ca.indeed.com/viewjob?jk=c027d47fd87d285d,Job gate approved,Saved on Indeed,unknown,0,0,0
indeed,04e5f7c453fafe32,Field Project Administrator,AECOM,"Burnaby, BC",2026-05-07 13:08:48,https://ca.indeed.com/viewjob?jk=04e5f7c453fafe32,Job gate approved,Saved on Indeed,unknown,0,0,0
indeed,8381897dcee1775a,Bilingual Customer Support Specialist (Russian/English) - AI Trainer,DataAnnotation,"Vancouver, BC",2026-05-07 16:13:32,https://ca.indeed.com/viewjob?jk=8381897dcee1775a,Job gate approved,Saved on Indeed,unknown,0,0,0
indeed,ab54e85d9cf8663d,Customer Service Representative for Molecular Diagnostics Laboratory,SecuriGene Labs,"Vancouver, BC V5R 5T5",2026-05-07 16:15:23,https://smartapply.indeed.com/beta/indeedapply/form/qualification-questions-module,1,In Development,easy_apply,3,3,0
indeed,193b205eecefceb4,Outside Sales/ Customer Service Representative,Best Personnel Inc,"New Westminster, BC",2026-05-07 16:16:39,https://smartapply.indeed.com/beta/indeedapply/form/resume-selection-module/resume-selection,1,In Development,easy_apply,2,2,0
indeed,012f6d6ffd507659,Customer Service Specialist,Treeco Wood Flooring Specialists,"Delta, BC V3M 6G4",2026-05-07 16:17:26,https://smartapply.indeed.com/beta/indeedapply/form/resume-selection-module/resume-selection,Unknown,In Development,unknown,0,0,0
indeed,e2467889ae4fbffe,Customer Service Representative,Capilano Glass & Screens Ltd.,"North Vancouver, BC V7P 1V1",2026-05-07 16:18:08,https://smartapply.indeed.com/beta/indeedapply/form/resume-selection-module/resume-selection,Unknown,In Development,unknown,0,0,0
indeed,c4aaa7691b4f407e,CSR - Customer Service Representative,Tony Lau Insurance Agencies,"Vancouver, BC",2026-05-07 16:20:35,https://smartapply.indeed.com/beta/indeedapply/form/resume-selection-module/resume-selection,Unknown,In Development,easy_apply,2,2,0
indeed,e6b882014396ada5,Cashier/Customer Service Representative,Shell,"Vancouver, BC V5T 3B5",2026-05-07 16:21:56,https://smartapply.indeed.com/beta/indeedapply/form/resume-selection-module/resume-selection,Unknown,In Development,easy_apply,1,1,0
indeed,ace0a27bb910ecb4,Customer Service Representative/Cashier,MoneyWay Financial Group,"North Vancouver, BC V7M 2J1",2026-05-07 16:23:15,https://smartapply.indeed.com/beta/indeedapply/form/resume-selection-module/resume-selection,1,In Development,easy_apply,2,2,0
indeed,45748babde21e048,Customer Service Agent,Executive Aviation,"Vancouver, BC",2026-05-07 16:23:23,https://ca.indeed.com/viewjob?jk=45748babde21e048,Job gate approved,Saved on Indeed,unknown,0,0,0
indeed,5fc1da61b3831fb5,Customer Service Representative (Full-time),Berlitz Canada,"Vancouver, BC",2026-05-07 16:24:41,https://smartapply.indeed.com/beta/indeedapply/form/resume-selection-module/resume-selection,Unknown,In Development,easy_apply,1,1,1
indeed,ae6218b61e3be547,Customer Service Associate,Simons,"Vancouver, BC",2026-05-07 16:25:02,https://ca.indeed.com/viewjob?jk=ae6218b61e3be547,Job gate approved,Saved on Indeed,unknown,0,0,0
indeed,97d87aa5e610fe10,Customer Service Representative,BMO Financial Group,"Vancouver, BC",2026-05-07 16:25:10,https://ca.indeed.com/viewjob?jk=97d87aa5e610fe10,Job gate approved,Saved on Indeed,unknown,0,0,0
indeed,3995fad379c3db30,Customer Service Representative/Cashier,Cloverdale Paint Inc,"Vancouver, BC V6A 2M2",2026-05-07 16:29:06,https://smartapply.indeed.com/beta/indeedapply/form/resume-selection-module/resume-selection,1,In Development,easy_apply,5,5,3
indeed,8e3e371a0f13ab21,Customer Service Associate/Cashier,Ohata Shoji Canada Inc,"Vancouver, BC",2026-05-07 16:29:58,https://smartapply.indeed.com/beta/indeedapply/form/resume-selection-module/resume-selection,Unknown,In Development,unknown,0,0,0
indeed,31971718488a9c0c,Customer Service Representative,KFC,"Burnaby, BC",2026-05-07 16:31:11,https://smartapply.indeed.com/beta/indeedapply/form/resume-selection-module/resume-selection,Unknown,In Development,easy_apply,2,2,0
indeed,6550fee8b22a02d5,Customer Service Representative - Auto Body (Surrey),Boyd Autobody & Glass,"Surrey, BC V3T 2V4",2026-05-07 16:32:31,https://smartapply.indeed.com/beta/indeedapply/form/resume-selection-module/resume-selection,1,In Development,easy_apply,7,7,0
indeed,2277c6ed010718b0,Customer Service Representative,Chong Lee Supermarket,"Vancouver, BC V5R 6E4",2026-05-07 16:33:45,https://smartapply.indeed.com/beta/indeedapply/form/resume-selection-module/resume-selection,Unknown,In Development,easy_apply,2,2,0
indeed,ba658e4af622608e,Sales Associate,Vape Mafia,"Vancouver, BC V6K 1R1",2026-05-07 16:34:44,https://smartapply.indeed.com/beta/indeedapply/form/resume-selection-module/resume-selection,Unknown,In Development,unknown,0,0,0
indeed,df6c918feb886342,Sales and Design Consultant,Montecana Vanities Studio Inc.,"Coquitlam, BC V3K 4X8",2026-05-07 16:35:58,https://smartapply.indeed.com/beta/indeedapply/form/resume-selection-module/resume-selection,1,In Development,easy_apply,2,2,0
indeed,afb404b1550277b0,Retail Sales Associate,Bianca Amor's Liquidation Supercentre,"Surrey, BC V3R 1N6",2026-05-07 16:36:45,https://smartapply.indeed.com/beta/indeedapply/form/resume-selection-module/resume-selection,Unknown,In Development,unknown,0,0,0
indeed,28549646abd7977d,Sales Associate (PT-Weekends),Henry's,"Vancouver, BC V6H 3J7",2026-05-07 16:38:01,https://smartapply.indeed.com/beta/indeedapply/form/resume-selection-module/resume-selection,1,In Development,easy_apply,4,4,0
indeed,cdee0007fd2955c5,Sales Associate,COS,"Vancouver, BC V6E 1A7",2026-05-07 16:39:16,https://smartapply.indeed.com/beta/indeedapply/form/resume-selection-module/resume-selection,Unknown,In Development,easy_apply,8,8,3
indeed,fb716d45ffedee8e,Sales Associate,Steve Madden,"Richmond, BC",2026-05-07 16:40:43,https://smartapply.indeed.com/beta/indeedapply/form/resume-selection-module/resume-selection,1,In Development,unknown,0,0,0
indeed,208cbdd7d72455e5,Dispatcher/Customer Service,J8 PLUMBING & HEATING INC,"Richmond, BC",2026-05-07 16:56:02,https://smartapply.indeed.com/beta/indeedapply/form/resume-selection-module/resume-selection,Unknown,In Development,unknown,0,0,0
indeed,95272d7a74a65b80,Customer Service Representative/Cashier,Cloverdale Paint Inc,"Burnaby, BC V5M 4M2",2026-05-07 16:57:33,https://smartapply.indeed.com/beta/indeedapply/form/resume-selection-module/resume-selection,1,In Development,easy_apply,3,3,3
indeed,17f0c0444c1635fc,Bicycle Store Sales Associate,JV Bike,"Vancouver, BC V6Z 3G8",2026-05-07 16:59:04,https://smartapply.indeed.com/beta/indeedapply/form/resume-selection-module/resume-selection,Unknown,In Development,unknown,0,0,0
indeed,b5e48de181b55b12,Sales Associate,Yumo Pro Shop,"Richmond, BC",2026-05-07 17:00:17,https://smartapply.indeed.com/beta/indeedapply/form/resume-selection-module/resume-selection,1,In Development,easy_apply,2,2,0
indeed,dfe47455725bcad4,Sales Associate,Vape Street,"Port Coquitlam, BC V3B 6P2",2026-05-07 17:01:01,https://smartapply.indeed.com/beta/indeedapply/form/resume-selection-module/resume-selection,10,In Development,unknown,0,0,0
indeed,c70d6ef114c66616,Sales Associate,Blue Ruby Jewellery,"Vancouver, BC V6E 1V9",2026-05-07 17:01:50,https://smartapply.indeed.com/beta/indeedapply/form/resume-selection-module/resume-selection,Unknown,In Development,unknown,0,0,0
indeed,304118a741256ebf,Retail Sales Associate,The Stitchery Studio,"Port Moody, BC V3H 2B6",2026-05-07 17:03:07,https://smartapply.indeed.com/beta/indeedapply/form/resume-selection-module/resume-selection,1,In Development,easy_apply,2,2,1
indeed,701c238be195c2b3,Flooring Sales Associate,S& S WESTCOAST FLOORS AND FLOORS LTD,"Surrey, BC V3W 5V9",2026-05-07 17:04:26,https://smartapply.indeed.com/beta/indeedapply/form/resume-selection-module/resume-selection,2,In Development,easy_apply,1,1,0
indeed,6d997e218d06c37f,Sales Associate,West Coast Leather,"Tsawwassen, BC",2026-05-07 17:06:34,https://smartapply.indeed.com/beta/indeedapply/form/resume-selection-module/resume-selection,1,In Development,easy_apply,1,1,0
indeed,e23e549991cd7178,Fashion Stylist,Caposhie,"Coquitlam, BC",2026-05-07 17:08:13,https://smartapply.indeed.com/beta/indeedapply/form/resume-selection-module/resume-selection,1,In Development,easy_apply,1,1,0
indeed,b260d20d1fe077b9,Retail Store Associate,The Soap Dispensary,"Vancouver, BC V5V 3N7",2026-05-07 17:11:05,https://smartapply.indeed.com/beta/indeedapply/form/resume-selection-module/resume-selection,1,In Development,easy_apply,2,2,2
indeed,6fbb9350e9deaad1,Part-Time Sales Associate,Tip Top - Tsawwassen Mills,"Tsawwassen, BC",2026-05-07 17:12:29,https://smartapply.indeed.com/beta/indeedapply/form/resume-selection-module/resume-selection,1,In Development,easy_apply,1,1,0
indeed,980c9a9ca7147f00,Key Holder (PT),Mr. Big and Tall - Macleod Trail,"Vancouver, BC V6B 1L4",2026-05-07 17:14:12,https://smartapply.indeed.com/beta/indeedapply/form/resume-selection-module/resume-selection,1,In Development,easy_apply,1,1,0
indeed,9e6df055587b602c,Client Services Representative Part Time,Coast Performance Rehab,"North Vancouver, BC",2026-05-07 17:17:57,https://smartapply.indeed.com/beta/indeedapply/form/resume-selection-module/resume-selection,1,In Development,unknown,0,0,0
indeed,8756265881f8edc0,Guest Service Agent (Front Desk Agent),Hilton Vancouver Metrotown,"Burnaby, BC V5H 2W7",2026-05-07 17:20:09,https://smartapply.indeed.com/beta/indeedapply/form/resume-selection-module/resume-selection,1,In Development,easy_apply,2,2,0
indeed,f80d0a0c8daaa7d4,Guest Services Overnight Manager,Vancouver Airport Marriott Hotel,"Richmond, BC V6X 1A3",2026-05-07 17:23:31,https://smartapply.indeed.com/beta/indeedapply/form/resume-selection-module/resume-selection,2,In Development,unknown,0,0,0
indeed,cd247a6c728943e2,Front Desk Agent,Executive Plaza Hotel Coquitlam,"Coquitlam, BC",2026-05-07 17:25:08,https://smartapply.indeed.com/beta/indeedapply/form/resume-selection-module/resume-selection,1,In Development,unknown,0,0,0
indeed,27946c986b5adb30,"Manager On Duty, Relief Night Manager",Radisson Hotel Vancouver Airport,"Richmond, BC V6X 3X9",2026-05-07 17:28:08,https://smartapply.indeed.com/beta/indeedapply/form/resume-selection-module/resume-selection,1,In Development,easy_apply,2,2,0
indeed,5d6c9171742e3b95,Front Desk Receptionist,Dhaliwal Banquet Hall,"Surrey, BC V3W 1R1",2026-05-07 17:30:03,https://smartapply.indeed.com/beta/indeedapply/form/resume-selection-module/resume-selection,1,In Development,easy_apply,5,5,0
indeed,9c1d833483a28922,Front Desk Receptionist,Wellcare Physiotherapy and Rehab,"Surrey, BC V3W 4E9",2026-05-07 17:36:46,https://smartapply.indeed.com/beta/indeedapply/form/resume-selection-module/resume-selection,Unknown,In Development,unknown,0,0,0
indeed,a68dfab767a181f3,Front Desk / Game Operator,Planet Lazer,"Richmond, BC",2026-05-07 17:38:25,https://smartapply.indeed.com/beta/indeedapply/form/resume-selection-module/resume-selection,Unknown,In Development,easy_apply,2,2,0
indeed,bc01ac643b2ecfd4,CASUAL/ON-CALL Weekend Front Desk Receptionist,Denise Elliott Beauty Co.,"North Vancouver, BC",2026-05-07 17:40:15,https://smartapply.indeed.com/beta/indeedapply/form/resume-selection-module/resume-selection,1,In Development,easy_apply,2,2,0
indeed,c5b435d91014343e,Dog Attendant / Front Desk Receptionist,Rex Dog Hotel + Spa,"Vancouver, BC V6A 2M5",2026-05-07 17:42:16,https://smartapply.indeed.com/beta/indeedapply/form/resume-selection-module/resume-selection,Unknown,In Development,unknown,0,0,0
indeed,7b715f0b08a63371,Front Desk Receptionist / Dispatcher,Pacific Flying Club,"Delta, BC",2026-05-07 17:44:34,https://smartapply.indeed.com/beta/indeedapply/form/resume-selection-module/resume-selection,Unknown,In Development,unknown,0,0,0
indeed,a9f4e8f0ee56b1cc,Front Office Assistant,ASEM Engineering Ltd.,"Surrey, BC V3W 4E8",2026-05-07 17:47:13,https://smartapply.indeed.com/beta/indeedapply/form/resume-selection-module/resume-selection,1,In Development,easy_apply,2,2,0
indeed,269231e50756dad4,Front Desk / Ophthalmic Technician,Pacific Vision MD,"North Vancouver, BC V7P 1S8",2026-05-07 17:49:03,https://smartapply.indeed.com/beta/indeedapply/form/resume-selection-module/resume-selection,3,In Development,easy_apply,4,4,0
indeed,f071fddedef4c8ab,Senior Veterinary Receptionist,Seafair Animal Clinic,"Richmond, BC",2026-05-07 17:52:35,https://smartapply.indeed.com/beta/indeedapply/form/resume-selection-module/resume-selection,5,In Development,easy_apply,2,2,0
indeed,725a2c0c488f7f80,Front Desk Coordinator & Skincare Specialist,Nexx MD,"North Vancouver, BC V7R 2N4",2026-05-07 17:55:03,https://smartapply.indeed.com/beta/indeedapply/form/resume-selection-module/resume-selection,3,In Development,unknown,0,0,0
indeed,b5938a31587f9337,Dental Receptionist,Fifth Avenue Dental,"Vancouver, BC",2026-05-07 17:55:44,https://smartapply.indeed.com/beta/indeedapply/form/resume-selection-module/resume-selection,Unknown,In Development,unknown,0,0,0
indeed,f152a6a0919b1683,Receptionist/ Customer Care Co-ordinator,Discover Vision Therapy,"Burnaby, BC V5C 2H6",2026-05-07 18:00:07,https://smartapply.indeed.com/beta/indeedapply/form/resume-selection-module/resume-selection,1,In Development,easy_apply,2,2,1
indeed,da8c335ecf77f63d,Medical Office Assistant/Receptionist,"Daniel E. Yanko MD, FRCSC Inc.","New Westminster, BC",2026-05-07 18:00:54,https://smartapply.indeed.com/beta/indeedapply/form/resume-selection-module/resume-selection,Unknown,In Development,unknown,0,0,0
indeed,0f7341444e812795,Dental Receptionist,Encore Dental,"Port Coquitlam, BC V3C 3G7",2026-05-07 18:02:31,https://smartapply.indeed.com/beta/indeedapply/form/resume-selection-module/resume-selection,Unknown,In Development,unknown,0,0,0
indeed,0757100546f19707,Dental Receptionist,DREAM DENTAL CENTRE,"Port Moody, BC",2026-05-07 18:05:49,https://smartapply.indeed.com/beta/indeedapply/form/resume-selection-module/resume-selection,Unknown,In Development,easy_apply,2,2,0
indeed,088731e97021052d,Full-Time Receptionist in an Oral Surgery Office,Centrepoint Oral & Facial Surgery,"Burnaby, BC V5H 0A3",2026-05-07 18:07:55,https://smartapply.indeed.com/beta/indeedapply/form/resume-selection-module/resume-selection,1,In Development,easy_apply,1,1,1
indeed,634b84113bef9901,Medical Receptionist,ProSport Health Centre,"Surrey, BC V3V 4B9",2026-05-07 18:10:02,https://smartapply.indeed.com/beta/indeedapply/form/resume-selection-module/resume-selection,1,In Development,easy_apply,3,3,0
indeed,d8261bcbd5b7798d,Dental Receptionist,fraser dental,"Vancouver, BC V5W 3A1",2026-05-07 18:13:21,https://smartapply.indeed.com/beta/indeedapply/form/resume-selection-module/resume-selection,1,In Development,easy_apply,3,3,0
indeed,9bc2698b2642855f,Front Desk Clerk,Drive Badminton Centre,"Richmond, BC",2026-05-07 18:15:06,https://smartapply.indeed.com/beta/indeedapply/form/resume-selection-module/resume-selection,Unknown,In Development,unknown,0,0,0
indeed,4410a343bfb4a7b2,Receptionist and Office Coordinator,Cressey Development Group,"Vancouver, BC V5Z 1C6",2026-05-07 18:17:28,https://smartapply.indeed.com/beta/indeedapply/form/resume-selection-module/resume-selection,3,In Development,unknown,0,0,0
indeed,ad1f03077aa454c6,Front Desk Administrator & Member Experience Coordinator,Denman Athletics,"Vancouver, BC V6G 2L9",2026-05-07 18:18:05,https://smartapply.indeed.com/beta/indeedapply/form/resume-selection-module/resume-selection,Unknown,In Development,unknown,0,0,0
indeed,fa419691b6b128ac,Service Receptionist,BROWN BROS FORD LINCOLN,"Vancouver, BC V5X 2S6",2026-05-07 18:19:41,https://smartapply.indeed.com/beta/indeedapply/form/resume-selection-module/resume-selection,2,In Development,unknown,0,0,0
indeed,e07697bf534b46c7,Dental Receptionist,Metropointe Dental,"Burnaby, BC",2026-05-07 18:22:00,https://smartapply.indeed.com/beta/indeedapply/form/resume-selection-module/resume-selection,2,In Development,unknown,0,0,0
indeed,dc07c1ee3543b2e1,Clinic Receptionist,WESTPRO Physiotherapy,"Port Moody, BC V3H 5E3",2026-05-07 18:24:16,https://smartapply.indeed.com/beta/indeedapply/form/resume-selection-module/resume-selection,1,In Development,easy_apply,2,2,0
indeed,41f2fa1455ced5b8,Dental Receptionist,Imagine Dental Group,"Vancouver, BC V5W 2V4",2026-05-07 18:26:12,https://smartapply.indeed.com/beta/indeedapply/form/resume-selection-module/resume-selection,Unknown,In Development,unknown,0,0,0
indeed,07db238c951f0f4b,Dental Receptionist,Aura Orthodontics,"Surrey, BC V3W 3M8",2026-05-07 18:29:15,https://smartapply.indeed.com/beta/indeedapply/form/resume-selection-module/resume-selection,3,In Development,easy_apply,2,2,2
indeed,781b9f3e1e1376d0,Junior Service Advisor,Burrard Acura,"Vancouver, BC V6A 2M5",2026-05-07 18:29:28,https://dilawri.hr4.ca/careers/view/13659?source=indeed,Unknown,In Development,unknown,0,0,0
indeed,ea918ab2bfe8088b,Water Damage Scheduler - Restoration,Phoenix Restorations,"Coquitlam, BC V3K 7B5",2026-05-07 18:31:58,https://smartapply.indeed.com/beta/indeedapply/form/resume-selection-module/resume-selection,Unknown,In Development,easy_apply,1,1,0
indeed,01807667476c2334,Production Planner/Scheduler,Sunco Foods Inc,"Burnaby, BC",2026-05-07 18:32:36,https://smartapply.indeed.com/beta/indeedapply/form/resume-selection-module/resume-selection,5,In Development,unknown,0,0,0
indeed,f655d9d134afd30a,Production Scheduler,Imprint Plus,"Richmond, BC V6W 1J8",2026-05-07 18:34:23,https://smartapply.indeed.com/beta/indeedapply/form/resume-selection-module/resume-selection,2,In Development,unknown,0,0,0
indeed,7c24d44557d994e5,Service Appointment Coordinator,Mainland Ford,"Surrey, BC",2026-05-07 18:36:29,https://smartapply.indeed.com/beta/indeedapply/form/resume-selection-module/resume-selection,Unknown,In Development,easy_apply,6,6,0
indeed,6f62d41946d1dbe4,Production Scheduler,The Great Little Box Company Ltd,"Richmond, BC V6V 3C1",2026-05-07 18:36:36,https://recruiting.ultipro.ca/GRE5002GLTB/JobBoard/161a5068-e6ac-413e-bbb7-026100cfb0ce/OpportunityDetail?opportunityId=e2f0a6b1-fe08-4ff6-8a34-40a16e770b9c&postingId=6b72385f-2c05-471b-8fae-6214847e876c,Unknown,In Development,unknown,0,0,0
indeed,2eeb889c14de5ac0,Event Sales Associate,Coast to Coast Promotions Inc.,"Burnaby, BC V5C 6P7",2026-05-07 18:45:59,https://smartapply.indeed.com/beta/indeedapply/form/resume-selection-module/resume-selection,Unknown,In Development,unknown,0,0,0
indeed,207c64c18e099c03,Sales Associate - Downtown Location,Les Croissants D'Olivier Ltd.,"Vancouver, BC V6Z 1T9",2026-05-07 18:48:36,https://smartapply.indeed.com/beta/indeedapply/form/resume-selection-module/resume-selection,Unknown,In Development,easy_apply,2,2,1
indeed,1acacb580b939561,Building Material Retail Sales Clerk Needed,Endo Home & Building Supplies Centre,"Richmond, BC V6V 1H9",2026-05-07 18:50:46,https://smartapply.indeed.com/beta/indeedapply/form/resume-selection-module/resume-selection,Unknown,In Development,unknown,0,0,0
indeed,ab9f2abe96ad8b87,Seasonal Sales Associate/Cashier,Stoxx Thrift & Vintage @ Metrotown Mall,"Burnaby, BC V5H 4M1",2026-05-07 18:52:51,https://smartapply.indeed.com/beta/indeedapply/form/resume-selection-module/resume-selection,Unknown,In Development,unknown,0,0,0
indeed,8ae9c0e73a269827,Part-Time Sales Associate Canada,Journeys,"Surrey, BC V3R 7C1",2026-05-07 18:53:11,https://cta.cadienttalent.com/index.jsp?SEQ=postingLocationDetails&APPLICATIONNAME=JourneysNonReqExtCanada&POSTING_ID=46176245736&LOCATION_ID=47383254292&source=ContactSources.IJB&specificSource=ContactSources.IJB.SpecificSources.Indeed&source=ContactSources.IJB&SpecificSource=ContactSources.IJB.SpecificSources.Indeed,Unknown,In Development,unknown,0,0,0
indeed,f16f4a4d74899276,Seasonal Sales Associate (Robson),Knix,"Vancouver, BC",2026-05-07 18:53:23,https://jobs.lever.co/knix/651df68b-e812-4768-84fa-2498d2b78402?lever-source=Indeed,Unknown,In Development,unknown,0,0,0
indeed,52c7824dd8bd7bf0,Retail Associate & Sales Admin ( Full-Time ) – Vancouver Store,Pyrrha,"Vancouver, BC V5Y 3E1",2026-05-07 18:56:34,https://smartapply.indeed.com/beta/indeedapply/form/resume-selection-module/resume-selection,1,In Development,easy_apply,1,1,0
indeed,ac7b48f0d574e966,SALES ASSOCIATE,La Vie en Rose,"Burnaby, BC V5H 4J2",2026-05-07 18:56:53,https://jobs.dayforcehcm.com/en-US/lavieenrose/CANDIDATEPORTAL/jobs/134397,Unknown,In Development,unknown,0,0,0
indeed,d8894cd675fdd7d5,Cashier/Customer Service,Kanburg enterprises corp,"Surrey, BC V3R 1V8",2026-05-07 18:59:04,https://smartapply.indeed.com/beta/indeedapply/form/resume-selection-module/resume-selection,Unknown,In Development,unknown,0,0,0
indeed,17060ce842833700,Sales Associate/Cashier,Fraser Stop N Go,"Surrey, BC V3R 3P4",2026-05-07 19:01:10,https://smartapply.indeed.com/beta/indeedapply/form/resume-selection-module/resume-selection,1,In Development,easy_apply,4,4,0
indeed,d91a6d9e94534699,Sales Associate-Retail,Roots,"Vancouver, BC V7Y 1G5",2026-05-07 19:01:24,https://jobs.dayforcehcm.com/en-US/roots/CANDIDATEPORTAL/jobs/26221,Unknown,In Development,unknown,0,0,0
indeed,b27c050d9315e07d,Sales Associate,Only The Family Auto Sales,"New Westminster, BC",2026-05-07 19:03:08,https://smartapply.indeed.com/beta/indeedapply/form/resume-selection-module/resume-selection,Unknown,In Development,unknown,0,0,0
indeed,11704ce09ebcf0d2,Assistant Store Manager,La Grotta Del Formaggio,"Vancouver, BC V5N 4A4",2026-05-07 19:09:47,https://smartapply.indeed.com/beta/indeedapply/form/resume-selection-module/resume-selection,1,In Development,easy_apply,5,5,0
indeed,3743dc2e9c791d47,Assistant Store Manager,Freshslice Pizza,"Vancouver, BC",2026-05-07 19:11:32,https://smartapply.indeed.com/beta/indeedapply/form/resume-selection-module/resume-selection,2,In Development,easy_apply,2,2,0
indeed,ae3e12122cbf483b,Sales Consultant,Cam Clark Ford Richmond,"Richmond, BC V6V 2C1",2026-05-07 19:17:11,https://smartapply.indeed.com/beta/indeedapply/form/resume-selection-module/resume-selection,1,In Development,easy_apply,3,3,0
indeed,2ab13fd6ade59c4a,Store Manager,Prime Communications Canada Inc,"West Vancouver, BC V7T 1A1",2026-05-07 19:19:42,https://smartapply.indeed.com/beta/indeedapply/form/resume-selection-module/resume-selection,2,In Development,easy_apply,7,7,1
indeed,3ec4bfeca11888a6,Retail Store Manager,F as in Frank,"Vancouver, BC V5T 3E1",2026-05-07 19:20:50,https://smartapply.indeed.com/beta/indeedapply/form/resume-selection-module/resume-selection,1,In Development,easy_apply,1,1,0
indeed,9502e0c10ecaf078,Boutique Team Leader – Metrotown,NESPRESSO Canada,"Burnaby, BC V5H 4J2",2026-05-07 19:22:28,https://smartapply.indeed.com/beta/indeedapply/form/resume-selection-module/resume-selection,2,In Development,easy_apply,3,3,1
indeed,8dc09ece091b119b,Retail Store Manager,DRMERS CLUB,"Vancouver, BC V6B 1A1",2026-05-07 19:23:26,https://smartapply.indeed.com/beta/indeedapply/form/resume-selection-module/resume-selection,5,In Development,unknown,0,0,0
indeed,f7ca0b27540e2022,Tire & Service Sales Representative,Country Tire,"Surrey, BC V3W 4Z5",2026-05-07 19:25:15,https://smartapply.indeed.com/beta/indeedapply/form/resume-selection-module/resume-selection,Unknown,In Development,easy_apply,5,5,0
indeed,b57f803425ed9c9c,Sales Manager ScanDesigns,ScanDesigns and Muse & Merchant,"Coquitlam, BC V3K 6Y2",2026-05-07 19:26:59,https://smartapply.indeed.com/beta/indeedapply/form/resume-selection-module/resume-selection,3,In Development,unknown,0,0,0
indeed,b891a02a2fa4c6fe,Part Time Barista & Farmers Market Sales Person,MÜKASI COFFEE,"Vancouver, BC",2026-05-07 19:29:10,https://smartapply.indeed.com/beta/indeedapply/form/resume-selection-module/resume-selection,1,In Development,easy_apply,1,1,0
indeed,47a67504c4b2f1f5,Car Sales Representative,SINONE AUTO LEASE LTD.,"Richmond, BC V6X 3M7",2026-05-07 19:35:24,https://smartapply.indeed.com/beta/indeedapply/form/resume-selection-module/resume-selection,Unknown,In Development,unknown,0,0,0
indeed,1c6d5c1e92bc6790,Cashier and Garden Centre Associate,Sun Tai Sang Farm,"Burnaby, BC",2026-05-07 19:36:46,https://smartapply.indeed.com/beta/indeedapply/form/resume-selection-module/resume-selection,1,In Development,easy_apply,1,1,0
indeed,1bb29713aec0b0de,Kitchen Staff/Cashier,Chicko Chicken,"Vancouver, BC V5R 4G8",2026-05-07 19:38:45,https://smartapply.indeed.com/beta/indeedapply/form/resume-selection-module/resume-selection,1,In Development,easy_apply,3,3,0
indeed,8a4bfd84a0b79fcf,Cashier/Server,Aureliana,"Vancouver, BC V6B 1G8",2026-05-07 19:51:54,https://smartapply.indeed.com/beta/indeedapply/form/resume-selection-module/resume-selection,Unknown,In Development,unknown,0,0,0
indeed,5b5e8c846032216a,Cashier/Customer Service,Thai Express,"Richmond, BC",2026-05-07 19:52:44,https://smartapply.indeed.com/beta/indeedapply/form/resume-selection-module/resume-selection,Unknown,In Development,unknown,0,0,0
indeed,028e004e9357ecf1,Cashier,DOS BROS - Fresh Mexican Grill,"Vancouver, BC V5K 5C5",2026-05-07 19:53:51,https://smartapply.indeed.com/beta/indeedapply/form/resume-selection-module/resume-selection,Unknown,In Development,unknown,0,0,0
indeed,514aa22bd5b953bb,Barista / Cashier / Floor staff,Hello Kitty Cafe,"Vancouver, BC V6E 1C1",2026-05-07 19:54:48,https://smartapply.indeed.com/beta/indeedapply/form/resume-selection-module/resume-selection,1,In Development,unknown,0,0,0
indeed,35fd0eb06862cc3c,Part-Time Visual Merchandiser,Browns Shoes,"Vancouver, BC V6E 1A7",2026-05-07 19:55:04,https://careers.brownsshoes.com/jobs/7694667-part-time-visual-merchandiser?ittk=QEOJMINZ5F,Unknown,In Development,unknown,0,0,0
indeed,221d9037963568b8,Merchandiser,VIBRANT Marketing,"Vancouver, BC",2026-05-07 19:55:08,https://vibrantmarketing.bamboohr.com/careers/358?source=indeed&src=indeed&postedDate=2026-05-07&source=Indeed.com,Unknown,In Development,unknown,0,0,0
indeed,69864cabc5446ec8,Field Representative,Hive Retail Solutions,"Vancouver, BC",2026-05-07 19:57:01,https://smartapply.indeed.com/beta/indeedapply/form/resume-selection-module/resume-selection,Unknown,In Development,easy_apply,2,2,2
indeed,b5de82cb053bd548,B2B Sales Representative,TELUS,"Vancouver, BC",2026-05-07 19:59:53,https://smartapply.indeed.com/beta/indeedapply/form/resume-selection-module/resume-selection,Unknown,In Development,unknown,0,0,0
indeed,9d9f27fd4c5e617c,Business Development Executive,DDS WIRELESS INTL INC.,"Vancouver, BC",2026-05-07 20:03:43,https://smartapply.indeed.com/beta/indeedapply/form/resume-selection-module/resume-selection,5,In Development,easy_apply,5,5,1
indeed,a097d47c05ae304d,In Store Team Member/Supervisor,Tahini's Restaurants,"Vancouver, BC V6B 1T5",2026-05-07 20:05:52,https://smartapply.indeed.com/beta/indeedapply/form/resume-selection-module/resume-selection,Unknown,In Development,unknown,0,0,0
indeed,216f8a7d7116c629,Team Lead-Retail,Roots,"Vancouver, BC V7Y 1G5",2026-05-07 20:06:35,https://jobs.dayforcehcm.com/en-US/roots/CANDIDATEPORTAL/jobs/26215,1,In Development,unknown,0,0,0
indeed,8e2ff43c82919aea,Medical Office Assistant,Harrison Healthcare,"Vancouver, BC",2026-05-07 20:11:41,https://smartapply.indeed.com/beta/indeedapply/form/resume-selection-module/resume-selection,1,In Development,easy_apply,4,4,1
indeed,a21ff863e4796e23,Administrative and Accounting Assistant,The Native Courtworker and Counselling Association...,"North Vancouver, BC V7P 3J3",2026-05-07 20:13:12,https://smartapply.indeed.com/beta/indeedapply/form/resume-selection-module/resume-selection,3,In Development,easy_apply,1,1,0
glassdoor,1010122706653,Cloud AI API Integrations – Fully Remote Subject Matter Expert - Canada,Prolific,Toronto,2026-05-05 16:18:22,https://smartapply.indeed.com/beta/indeedapply/applybyapplyablejobid?indeedApplyableJobId=1160339f-364e-4540-884c-418763f4d371-eXVscHJvZDE&iaUid=1jnt6us82gcut801,Unknown,In Development,unknown,0,0,0
glassdoor,1010117729326,IT Systems & Application Support Administrator,FISPAN,Vancouver,2026-05-05 19:30:28,https://smartapply.indeed.com/beta/indeedapply/applybyapplyablejobid?indeedApplyableJobId=de2de269-c536-4b1e-be37-2bba40658162-eXVscHJvZDE&iaUid=1jntht988gcut801,Unknown,In Development,unknown,0,0,0
glassdoor,1010033622718,IT Specialist,Nurse Next Door,Vancouver,2026-05-05 19:30:44,https://smartapply.indeed.com/beta/indeedapply/applybyapplyablejobid?indeedApplyableJobId=bf92b741-40ed-464c-bb58-034db997cef3-eXVscHJvZDE&iaUid=1jnthv36dm92n801,5,In Development,unknown,0,0,0
glassdoor,1010121235814,Technical Sales Specialist,DDS Wireless International,Vancouver,2026-05-05 19:31:02,https://smartapply.indeed.com/beta/indeedapply/applybyapplyablejobid?indeedApplyableJobId=53002a58-d37b-4fa0-89ff-ca0514e3bf26-eXVscHJvZDE&iaUid=1jnthvl7nm92n801,3,In Development,unknown,0,0,0
glassdoor,1010117410731,Beauty Sales Specialist (Part-Time),Modern Beauty Supplies,North Vancouver,2026-05-05 19:31:10,https://smartapply.indeed.com/beta/indeedapply/applybyapplyablejobid?indeedApplyableJobId=b3a066e9-0440-4c42-a1e6-2aab901516e1-eXVscHJvZDE&iaUid=1jnthvsthm92n801,1,In Development,unknown,0,0,0
glassdoor,1010077850149,Lighting Sales Representative,BL Lighting,Vancouver,2026-05-05 19:31:30,https://smartapply.indeed.com/beta/indeedapply/applybyapplyablejobid?indeedApplyableJobId=fd18c0ce-8f89-4536-b158-f91f0562ca48-eXVscHJvZDE&iaUid=1jnti0g5agcut801,Unknown,In Development,unknown,0,0,0
glassdoor,1010106969655,Test Engineer,Morson Group,North Vancouver,2026-05-07 13:16:21,https://smartapply.indeed.com/beta/indeedapply/applybyapplyablejobid?indeedApplyableJobId=21a8841b-4f54-4d32-8b59-dd62458453ec-eXVscHJvZDE&iaUid=1jo218sdhia5h801,Unknown,In Development,easy_apply,4,4,0
glassdoor,1010119742032,Technology Success Specialist,Confidential,Vancouver,2026-05-07 13:16:57,https://smartapply.indeed.com/beta/indeedapply/applybyapplyablejobid?indeedApplyableJobId=23276028-0e8b-48a8-ae92-9d3ee4c88749-eXVscHJvZDE&iaUid=1jo21c3v3ia5h801,Unknown,In Development,unknown,0,0,0
glassdoor,1010114994152,IT Service Desk Analyst,West Coast Reduction,Vancouver,2026-05-07 13:17:46,https://smartapply.indeed.com/beta/indeedapply/applybyapplyablejobid?indeedApplyableJobId=b515f4e1-136d-41cd-83b8-c3f4160856a1-eXVscHJvZDE&iaUid=1jo21cea8ia5h801,2,In Development,easy_apply,2,2,0
glassdoor,1010026236090,AWS DevOps Engineer,AllTrue.ai,Vancouver,2026-05-07 13:23:33,https://smartapply.indeed.com/beta/indeedapply/applybyapplyablejobid?indeedApplyableJobId=0ee5897f-4c40-4d0d-8f3d-678e692bba7f-eXVscHJvZDE&iaUid=1jo21o69mia5h801,3,In Development,unknown,0,0,0
glassdoor,1010123148527,Network Security Administrator,Study 2020 Consulting,Vancouver,2026-05-07 14:02:59,https://smartapply.indeed.com/beta/indeedapply/applybyapplyablejobid?indeedApplyableJobId=9511d5bd-406a-4c66-9cac-8affc8af4cf5-eXVscHJvZDE&iaUid=1jo240dbvia5h801,Unknown,In Development,unknown,0,0,0
glassdoor,1010122968275,Data and Order Processing Specialist,Venue Kings,North Vancouver,2026-05-07 14:04:58,https://smartapply.indeed.com/beta/indeedapply/applybyapplyablejobid?indeedApplyableJobId=6f2a4308-81a1-4ed3-9230-d2da4c7e4019-eXVscHJvZDE&iaUid=1jo241qp8ia5h801,2,In Development,easy_apply,3,3,0
